NO,NAMA KAMERA,LOKASI,RINCIAN LOKASI,X_KOOR,Y_KOOR,JARINGAN,NVR,MERK,MODEL
1,BUNDARAN WARU PTZ,RUAS,Bundaran Waru arah keluar kota,112.7292683,-7.345983874,KOMINFO,SELATAN,HIKVISION,DS-2DY3320IW-DE
2,BUNDARAN WARU ARAH TOL PTZ,RUAS,Bundaran Waru arah masuk tol,112.7275055,-7.347602778,TELKOM,SELATAN,HIKVISION,DS-2DY3320IW-DE
3,BUNDARAN WARU CITO PTZ,RUAS,Bundaran Waru depan CITO arah masuk kota,"112,728,923","-7,345,673",KOMINFO,SELATAN,Unidentified,Unidentified
4,DUKUH MENANGGAL BUNDARAN WARU,RUAS,Unidentified,"112,725,053","-7,346,578",KOMINFO,SELATAN,Unidentified,Unidentified
5,BUNDARAN WARU,RUAS,Unidentified,"112,727,899","-7,347,716",TELKOM,SELATAN,Unidentified,Unidentified
6,FRONTAGE A.YANI CAREFOUR,RUAS,Frontage Ahmad Yani Depan Trans Icon Hadap Utara,"112,729,174","-7,339,572",KOMINFO,SELATAN,HIKVISION,DS-2DY3320IW-DE
7,GAYUNGSARI BARAT SISI UTARA FIX,SIMPANG,Simpang Gayungsari Barat Hadap Utara,112.7191119,-7.337361047,TELKOM,SELATAN,HIKVISION,DS-2DY3320IW-DE
8,GAYUNGSARI BARAT SISI SELATAN FIX,SIMPANG,Simpang Gayungsari Barat Hadap Selatan,112.718958,-7.33753694,TELKOM,SELATAN,HIKVISION,DS-2DY3320IW-DE
9,GAYUNGSARI BARAT SISI BARAT FIX,SIMPANG,Simpang Gayungsari Barat Hadap Barat,112.7191123,-7.337487081,TELKOM,SELATAN,HIKVISION,MVS-414232-IRMVF
10,MASJID AGUNG PTZ,RUAS,Unidentified,112.7140478,-7.337617633,KOMINFO,SELATAN,HIKVISION,DS-2DY3320IW-DE
11,MASJID AGUNG TIMUR FIX,RUAS,Unidentified,"112,716,528","-7,337,077",KOMINFO,SELATAN,Unidentified,Unidentified
12,PAGESANGAN PTZ,RUAS,Jl. Pagesangan - Sepanjang Tani (perbatasan SBY- Sidoarjo),112.7055359,-7.336862594,TELKOM,SELATAN,HIKVISION,DS-2DY3320IW-DE
13,FR SIWALANKERTO UTARA FIX,SIMPANG,Frontage Siwalankerto hadap utara,112.7301018,-7.337260216,TELKOM,SELATAN,HIKVISION,DS-2DY3320IW-DE
14,FR SIWALANKERTO SELATAN FIX,SIMPANG,Frontage Siwalankerto hadap selatan,112.7300141,-7.337372867,TELKOM,SELATAN,HIKVISION,DS-2DY3320IW-DE
15,FR SIWALANKERTO PANO ,SIMPANG,Frontage Siwalankerto hadap,112.7301315,-7.337397891,TELKOM,SELATAN,HIKVISION,DS-2CD6986F-H
16,AHMAD YANI - SIWALANKERTO PTZ,RUAS,Ahmad Yani - Siwalankerto Hadap Selatan,"112,729,451","-7,337,379",KOMINFO,SELATAN,HIKVISION,DS-2DY3320IW-DE
17,FRONTAGE A YANI BRI JEMURSARI UTARA FIX,SIMPANG,Frontage Ahmad Yani Depan BRI Hadap Utara,112.7308197,-7.331287965,KOMINFO,SELATAN,HIKVISION,MVS-414232-IRMVF
18,A YANI PAPILIO UTARA FIX,SIMPANG,Ahmad Yani  Depan Hotel Papilio Hadap Utara,112.7310598,-7.331377662,KOMINFO,SELATAN,HIKVISION,MVS-414232-IRMVF
19,A YANI JEMUR ANDAYANI DOME,SIMPANG,Frontage Ahmad Yani Depan BRI Hadap Selatan,112.7309893,-7.331569514,KOMINFO,SELATAN,HIKVISION,MS-91021-IR-SD-OD
20,AHMAD YANI KEBONSARI SELATAN FIX,RUAS,Unidentified,"112,730,783","-7,329,768",TELKOM,Unidentified,Unidentified,Unidentified
21,A YANI TAMAN PELANGI PTZ,SIMPANG,A Yani Taman Pelangi arah masuk kota,112.7311182,-7.328297422,KOMINFO,SELATAN,HIKVISION,DS-2DY3320IW-DE
22,A YANI JEMURSARI PTZ,SIMPANG,A Yani jemursari arah luar kota,112.731593,-7.326489635,KOMINFO,SELATAN,HIKVISION,DS-2DY3320IW-DE
23,A YANI DOLOG PTZ,SIMPANG,A Yani  Dolog selatan pos polisi,112.731554,-7.32725011,KOMINFO,SELATAN,HIKVISION,DS-2DY3320IW-DE
24,A YANI DOLOG UTARA SPC,SIMPANG,A Yani  Dolog selatan pos polisi,"112,731,836","-7,326,571",KOMINFO,SELATAN,Unidentified,Unidentified
25,TAMAN PELANGI DOLOG PTZ,SIMPANG,Unidentified,"112,731,094","-7,326,518",KOMINFO,SELATAN,HIKVISION,DS-2DY3320IW-DE
26,PCTL A YANI DOLOG PTZ,RUAS,Unidentified,112.73223,-7.3246755,TELKOM,SELATAN,Unidentified,Unidentified
27,A YANI KFC PANO,SIMPANG,Simpang Ahmad Yani KFC Hadap Barat,"112,733,088","-7,319,190",KOMINFO,SELATAN,HIKVISION,DS-2DY3320IW-DE
28,A YANI KFC SELATAN PTZ,SIMPANG,Simpang Ahmad Yani KFC Hadap Selatan,"112,733,064","-7,319,230",KOMINFO,SELATAN,HIKVISION,DS-2DY3320IW-DE
29,A YANI KETINTANG BARU SELATAN PTZ,SIMPANG,Simpang Ahmad Yani Jalur Utama Hadap Selatan,"112,733,238","-7,319,249",KOMINFO,SELATAN,HIKVISION,DS-2DY3320IW-DE
30,A YANI MARGOREJO PTZ,SIMPANG,Simpang A. Yani - Margorejo (jalur hijau),112.733966,-7.316351945,KOMINFO,SELATAN,HIKVISION,DS-2DY3320IW-DE
31,A YANI MARGOREJO SELATAN FIX,SIMPANG,Simpang A. Yani - Margorejo (bando-hadap selatan),112.7338706,-7.316396936,KOMINFO,SELATAN,HIKVISION,DS.2CD7A85G0-IZSP/AI
32,A YANI MARGOREJO UTARA FIX,SIMPANG,Simpang A. Yani - Margorejo (bando-hadap utara),112.7340714,-7.316194657,KOMINFO,SELATAN,HIKVISION,DS.2CD7A85G0-IZSP/AI
33,A YANI MARGOREJO TIMUR FIX,SIMPANG,Simpang Ahmad Yani - Margorejo Hadap Timur,112.7343667,-7.316446009,KOMINFO,SELATAN,HIKVISION,DS-2CD8264F-EI 
34,FRONTAGE MARGOREJO UTARA FIX,SIMPANG,Simpang Ahmad Yani - Frontage Margorejo hadap utara,112.734247,-7.316228402,KOMINFO,SELATAN,HIKVISION,DS-2CD8264F-EI 
35,KETINTANG ROYAL PLAZA PANO,RUAS,Pertigaan Royal Plasa-Jl Ketintang,112.7350221,-7.310500355,TELKOM,SELATAN,HIKVISION,DS-2CD6986F-H
36,FRONTAGE RSAL PTZ,RUAS,Frontage A. Yani (RSAL) Hadap Selatan,112.736137,-7.307523,TELKOM,SELATAN,HIKVISION,DS-2DY3320IW-DE
37,A YANI MAYANGKARA DOME,SIMPANG,A Yani Mayangkara selatan layang mayangkara,112.7355771,-7.30832014,KOMINFO,SELATAN,MAGIC VISION,MV-90202-SD
38,WONOKROMO MAYANGKARA DOME,SIMPANG,Simpang A. Yani - Layang Mayangkara,112.7356435,-7.307341832,KOMINFO,SELATAN,MAGIC VISION,MV-91021-IR
39,WONOKROMO RSI DOME,RUAS,Wonokromo RSI Hadap Selatan,112.7355931,-7.306124744,TELKOM,SELATAN,MAGIC VISION,MVS-414232-IRMVF
40,UTURN FLYOVER MAYANGKARA,SIMPANG,Flyover mayangkara pos polisi hadap ,112.736678,-7.304514928,KOMINFO,SELATAN,HIKVISION,DS-2DY3320IW-DE
41,FLYOVER MAYANGKARA DOME,SIMPANG,Flyover mayangkara pos polisi hadap ,112.736678,-7.304514928,KOMINFO,SELATAN,MAGIC VISION,MV-91021-IR
42,WONOKROMO DTC TIMUR DOME,RUAS,Simpang Jl. Jagir - Jl. Wonokromo (sisi timur),112.7381331,-7.30301332,TELKOM,SELATAN,MAGIC VISION,MV-9048-812-SD
43,WONOKROMO DTC BARAT Hadap Utara PTZ,RUAS,Pintu masuk DTC Wonokromo Hadap Utara,"112,737,187","-7,301,415",TELKOM,SELATAN,HIKVISION,DS-2CD4232FWD-IZS
44,WONOKROMO DTC BARAT Hadap Selatan FIX,RUAS,Pintu masuk DTC Wonokromo Hadap Selatan,"112,737,187","-7,301,415",TELKOM,SELATAN,HIKVISION,DS-2DY3320IW-DE
45,JEMBATAN JOYOBOYO,RUAS,Jembatan Wonokromo Hadap Utara,"112,737,409","-7,300,634",TELKOM,SELATAN,HIKVISION,Unidentified
46,JEMBATAN WONOKROMO FIX,RUAS,Jembatan Wonokromo Hadap Selatan,"112,737,409","-7,300,634",TELKOM,SELATAN,HIKVISION,Unidentified
47,JOYOBOYO PTZ,RUAS,Depan Terminal Joyoboyo Hadap Utara,112.737653,-7.298447,TELKOM,SELATAN,HIKVISION,DS-2DY3320IW-DE
48,JEMBATAN SAWUNGGALING PTZ,RUAS,Jembatan Sawunggaling Hadap Utara,"112,737,373","-7,299,285",TELKOM,SELATAN,Unidentified,Unidentified
49,WARNING LIGHT JOYOBOYO FIX SPC,RUAS,Warning Light Depan Pintu Keluar Joyoboyo,112.7363848,-7.298504694,TELKOM,SELATAN,HIKVISION,DS-2DY3320IW-DE
50,JOYOBOYO BRAWIJAYA SELATAN PTZ,SIMPANG,Simpang Joyoboyo Brawijaya Hadap Selatan,"112,731,354","-7,299,301",TELKOM,SELATAN,HIKVISION,Unidentified
51,JOYOBOYO BRAWIJAYA BARAT PTZ,SIMPANG,Simpang Joyoboyo Brawijaya Hadap Barat,"112,731,354","-7,299,301",TELKOM,SELATAN,HIKVISION,Unidentified
52,JOYOBOYO BRAWIJAYA UTARA PTZ,SIMPANG,Simpang Joyoboyo Brawijaya Hadap Utara,"112,731,354","-7,299,301",TELKOM,SELATAN,HIKVISION,Unidentified
53,GN SARI GAJAH MADA DOME,SIMPANG,Simpang gunungsari - Gajahmada Hadap Barat,112.725689,-7.303904,KOMINFO,SELATAN,MAGIC VISION,DS-2DM1-612H
54,GN SARI GAJAH MADA BARAT FIX,SIMPANG,Unidentified,"112,725,530","-7,303,864",KOMINFO,SELATAN,Unidentified,Unidentified
55,GN.SARI PASAR IKAN PTZ,SIMPANG,Jl. Gunungsari(pasar ikan) Hadap Selatan,112.723935,-7.305869,KOMINFO,SELATAN,HIKVISION,DS-2DY3320IW-DE
56,GN.SARI ROLAK PTZ,SIMPANG,Simpang gunungsari-Rolak Hadap Selatan,112.719589,-7.307147,TELKOM,SELATAN,HIKVISION,DS-2DY3320IW-DE
57,GN.SARI ROLAK SELATAN FIX,SIMPANG,Simpang gunungsari-Rolak Hadap Utara,"112,718,868","-7,307,541",TELKOM,SELATAN,Unidentified,Unidentified
58,GN.SARI ROLAK BARAT FIX,SIMPANG,Simpang gunungsari-Rolak Hadap Selatan,"112,718,385","-7,307,307",TELKOM,SELATAN,Unidentified,Unidentified
59,GN.SARI SINGGASANA PTZ,SIMPANG,Simpang gunungsari-Hotel singgasana,112.716499,-7.307613,KOMINFO,SELATAN,HIKVISION,DS-2DY3320IW-DE
60,GN.SARI BUMI MARINIR DOME,SIMPANG,Simpang gunungsari-Marinir,112.714867,-7.307182,KOMINFO,SELATAN,MAGIC VISION,MV-91023-HD-OD
61,GUNUNGSARI EXIT TOL PERAK PTZ,SIMPANG,Simpang gunungsari-Akses Tol Hadap Barat,112.710835,-7.310475,KOMINFO,SELATAN,HIKVISION,DS-2DY3320IW-DE
62,GUNUNGSARI EXIT TOL MALANG PTZ,SIMPANG,Simpang gunungsari-Akses tol malang Hadap Timur,112.711595,-7.309108,KOMINFO,SELATAN,HIKVISION,DS-2DY3320IW-DE
63,MASTRIP WIYUNG PTZ,SIMPANG,Simpang gunungsari-Mastrip-wiyung,112.709718,-7.312852,KOMINFO,SELATAN,HIKVISION,DS-2DY3320IW-DE
64,SDN JAJAR TUNGGAL WIYUNG PANO,OBJEK VITAL,SDN Jajar Tunggal Wiyung,112.7003275,-7.313805671,TELKOM,SELATAN,HIKVISION,DS-2CD6986F-H
65,GEREJA GKJW WIYUNG PTZ,OBJEK VITAL,Gereja Depan Kecamatan Wiyung,112.6954837,-7.313761841,TELKOM,SELATAN,HIKVISION,DS-2CD6986F-H
66,SDN WIYUNG 1 PANO,OBJEK VITAL,Jl. Wiyung (SDN Wiyung),112.6947441,-7.314033418,TELKOM,SELATAN,HIKVISION,DS-2CD6986F-H
67,KARANGPILANG WONOCOLO UTARA FIX,SIMPANG,Simpang karangpilang Wonocolo Hadap Utara,"112,694,745","-7,342,623",TELKOM,SELATAN,HIKVISION,DS-2CD3T45G0-4I/SP
68,KARANGPILANG WONOCOLO SELATAN FIX,SIMPANG,Simpang karangpilang Wonocolo Hadap Selatan,"112,694,809","-7,342,535",TELKOM,SELATAN,HIKVISION,DS-2CD3T45G0-4I/SP
69,KARANGPILANG WONOCOLO TIMUR FIX,SIMPANG,Simpang karangpilang Wonocolo Hadap Timur,"112,694,665","-7,342,570",TELKOM,SELATAN,HIKVISION,DS-2CD3T45G0-4I/SP
70,JEMURSARI NGAWINAN DOME,RUAS,PCTL Jemur Ngawina Hadap Barat,"112,734,741","-7,327,582",TELKOM,SELATAN,MAGIC VISION,MS-91021-IR-SD-OD
71,JEMURSARI JEMUR ANDAYANI BARAT FIX,SIMPANG,Simpang Jemursari Jemur Andayani Hadap Barat,112.735439,-7.327514,TELKOM,SELATAN,HIKVISION,MVS-414232-IRMVF
72,JEMURSARI - JEMUR ANDAYANI PTZ,SIMPANG,Simpang Jemursari Jemur Andayani Hadap Timur,112.735648,-7.327487,TELKOM,SELATAN,HIKVISION,DS-2DY3320IW-DE
73,JEMUR KUTISARI BARAT FIX,SIMPANG,Jemur Kutisari Hadap Barat,112.7424369,-7.329074969,TELKOM,SELATAN,HIKVISION,DS-2CD7A85G0-IZSP/AI
74,JEMUR KUTISARI TIMUR FIX,SIMPANG,Jemur Kutisari Hadap Timur,112.7425825,-7.329051815,TELKOM,SELATAN,HIKVISION,MVS-414232-IRMVF
75,JEMURSARI TENGGILIS TIMUR FIX,SIMPANG,Simpang Jemursari Tenggilis Hadap Timur,112.7462975,-7.320929157,TELKOM,SELATAN,HIKVISION,MVS-414232-IRMVF
76,JEMURSARI TENGGILIS UTARA FIX,SIMPANG,Simpang Jemursari Tenggilis Hadap Utara,112.7462884,-7.320992983,TELKOM,SELATAN,HIKVISION,MV-41033-3D-IRWP
77,JEMURSARI TENGGILIS DOME,SIMPANG,Simpang Jemursari Tenggilis Hadap Utara,112.7456362,-7.321037398,TELKOM,SELATAN,MAGIC VISION,MV-91021-IR-SD-OD
78,KENDANGSARI TENGGILIS PANO,SIMPANG,Simpang Kendangsar Tenggilis Kimia Farma Hadap Barat,112.7500358,-7.321132685,TELKOM,SELATAN,HIKVISION,DS-2DY3320IW-DE
79,KENDANGSARI TENGGILIS SELATAN PTZ,SIMPANG,Simpang Kendangsar Tenggilis Kimia Farma Hadap Selatan,112.7498506,-7.321154976,TELKOM,SELATAN,HIKVISION,DS-2DY3320IW-DE
80,KENDANGSARI TENGGILIS TIMUR SPC,SIMPANG,Simpang Kendangsar Tenggilis Kimia Farma Hadap Timur,112.7498757,-7.321196181,TELKOM,SELATAN,SPC,DS-2DY3320IW-DE
81,MARGOREJO PRAPEN SELATAN FIX,SIMPANG,Simpang Margorejo Prapen Hadap Selatan,112.7512473,-7.317745781,TELKOM,SELATAN,HIKVISION,DS-2CD2632F-IS
82,MARGOREJO PRAPEN DOME,SIMPANG,Simpang Margorejo Prapen Hadap Utara,112.7511988,-7.317682777,TELKOM,SELATAN,MAGIC VISION,MS-91021-IR-SD-OD
83,MARGOREJO PRAPEN UTARA FIX,SIMPANG,Simpang Margorejo Prapen Hadap Utara,112.7514503,-7.317685936,TELKOM,SELATAN,HIKVISION,DS-2CD2642FWD-I
84,SDN TENGGILIS MEJOYO  1  PANO,OBJEK VITAL,SDN Tenggilis Mejoyo 1,112.754119,-7.315550127,TELKOM,SELATAN,HIKVISION,DS-2CD6986F-H
85,JAGIR WONOKROMO PTZ,SIMPANG,Simpang Jl. Jagir - Jl. Stasiun Wonokromo,"112,739,737","-7,300,692",KOMINFO,SELATAN,HIKVISION,DS-2DY3320IW-DE
86,JAGIR WONOKROMO BARAT FIX,SIMPANG,Simpang Jl. Jagir - Jl. Stasiun Wonokromo hadap barat,"112,739,722","-7,300,697",KOMINFO,SELATAN,HIKVISION,DS-2CD4232FWD-IZS
87,JAGIR WONOKROMO UTARA FIX,SIMPANG,Simpang Jl. Jagir - Jl. Stasiun Wonokromo hadap utara,"112,739,860","-7,300,699",KOMINFO,SELATAN,HIKVISION,DS-2CD4232FWD-IZS
88,JAGIR WONOKROMO SELATAN FIX,SIMPANG,Simpang Jl. Jagir - Jl. Stasiun Wonokromo hadap selatan,"112,739,741","-7,300,742",KOMINFO,SELATAN,HIKVISION,DS-2CD4232FWD-IZS
89,BRATANG BARATA JAYA SELATAN FIX,SIMPANG,Simpang Bratang - Barata Jaya Hadap Selatan,112.7596376,-7.29919722,KOMINFO,SELATAN,HIKVISION,MVS-414232-IRMVF
90,BRATANG BARATA JAYA BARAT FIX,SIMPANG,Simpang Bratang - Barata Jaya Hadap Barat,112.7595264,-7.299018878,KOMINFO,SELATAN,HIKVISION,MVS-414232-IRMVF
91,BRATANG BARATA JAYA UTARA FIX,SIMPANG,Simpang Bratang - Barata Jaya Hadap Utara,112.7596805,-7.298915499,KOMINFO,SELATAN,HIKVISION,MVS-414232-IRMVF
92,BRATANG BARATA JAYA TIMUR FIX,SIMPANG,Simpang Bratang - Barata Jaya Hadap Timur,112.7598165,-7.299095066,KOMINFO,SELATAN,HIKVISION,MVS-414232-IRMVF
93,BRATANG BINANGUN DOME,SIMPANG,Simpang Bratang - Barata Jaya Hadap Utara,112.759727,-7.299180368,KOMINFO,SELATAN,MAGIC VISION,MS-91021-IR-SD-OD
94,SD BARATA JAYA PANO,OBJEK VITAL,SD Barata Jaya - PCTL BARATA JAYA,112.7595174,-7.300776855,TELKOM,SELATAN,HIKVISION,DS-2CD6986F-H
95,BRATANG - KRUKAH PTZ,SIMPANG,Simpang Bratang - Krukah Hadap Selatan,"112,755,893","-7,298,521",KOMINFO,SELATAN,HIKVISION,DS-2DY3320IW-DE
96,DARMOKALI BENGAWAN BARAT FIX,SIMPANG,Simpang Darmokali Bengawan  Hadap Barat,"112,742,255","-7,290,948",TELKOM,SELATAN,Unidentified,Unidentified
97,DARMOKALI BENGAWAN SELATAN FIX,SIMPANG,Simpang Darmokali Bengawan  Hadap Selatan,112.7423432,-7.291008652,TELKOM,SELATAN,HIKVISION,DS-2DY3320IW-DE
98,DARMOKALI BENGAWAN TIMUR FIX,SIMPANG,Simpang Darmokali Bengawan  Hadap Timur,112.7421245,-7.290878371,TELKOM,SELATAN,HIKVISION,DS-2CD4232FWD-IZ
99,NGAGEL UJUNG GALUH UTARA PTZ,SIMPANG,Ngagel Ujung Galuh Depan Transmart Hadap Utara,112.74295,-7.291298,TELKOM,SELATAN,HIKVISION,DS-2DY3320IW-DE
100,NGAGEL UJUNG GALUH SELATAN SPC,SIMPANG,Ngagel Ujung Galuh Depan Transmart Hadap Selatan,112.74295,-7.291298,TELKOM,SELATAN,HIKVISION,DS-2DY3320IW-DE
101,NGAGEL JAYA NGAGEL MADYA UTARA FIX,SIMPANG,Simpang Ngagel Jaya Selatan - Ngagel Madya (hadap Utara),112.760154,-7.293774201,TELKOM,SELATAN,HIKVISION,DS-2CD4A26FWD-IZ
102,NGAGEL MADYA RMI DOME,SIMPANG,Simpang Ngagel Jaya Selatan - Ngagel Madya (hadap Barat),112.7599343,-7.293887886,TELKOM,SELATAN,MAGIC VISION,MS-91021-IR-SD-OD
103,NGAGEL JAYA SELATAN MADYA TIMUR FIX,SIMPANG,Simpang Ngagel Jaya Selatan - Ngagel Madya (hadap timur),112.7597962,-7.293670621,TELKOM,SELATAN,HIKVISION,MVS-414232-IRMVF
104,NGAGEL JAYA SELATAN MADYA BARAT FIX,SIMPANG,Simpang Ngagel Jaya Selatan - Ngagel Madya (hadap timur),112.7600009,-7.293527049,TELKOM,SELATAN,HIKVISION,MVS-414232-IRMVF
105,NGAGEL BAT DINOYO TIMUR PTZ,SIMPANG,Simpang Ngagel - Bung Tomo (BAT Pos Polisi) Hadap Barat,112.7446759,-7.28878138,TELKOM,SELATAN,HIKVISION,DS-2DY3320IW-DE
106,DINOYO - NGAGEL BAT FIX SELATAN FIX,SIMPANG,Ngagel BAT Depan Marvell City Hadap Selatan,112.7438545,-7.288615099,TELKOM,SELATAN,HIKVISION,MVS-414232-IRMVF
107,DINOYO BAT DOME,SIMPANG,Dinoyo Jembatan BAT Hadap Timur,112.7439073,-7.288483318,TELKOM,SELATAN,MAGIC VISION,MS-91021-IR-SD-OD
108,NGAGEL UPAJIWA BARAT FIX,SIMPANG,Simpang Ngagel UpaJiwa Hadap Timur,112.7463494,-7.290557133,TELKOM,SELATAN,HIKVISION,MVS-414232-IRMVF
109,NGAGEL UPAJIWA TIMUR  FIX,SIMPANG,Simpang Ngagel UpaJiwa Hadap Barat,112.7461358,-7.290291514,TELKOM,SELATAN,HIKVISION,MVS-414232-IRMVF
110,NGAGEL JAYA UTARA GEREJA SELATAN PTZ,SIMPANG,Simpang Ngagel Jaya Utara Gereja Hadap Selatan,112.7600269,-7.28909656,TELKOM,SELATAN,HIKVISION,DS-2DY3320IW-DE
111,NGAGEL JAYA UTARA GEREJA UTARA FIX,SIMPANG,Simpang Ngagel Jaya Utara Gereja Hadap Utara,112.7599708,-7.289418413,TELKOM,SELATAN,HIKVISION,DS-2DY3320IW-DE
112,NGAGEL JAYA UTARA GEREJA TIMUR PTZ,SIMPANG,Simpang Ngagel Jaya Utara Gereja Hadap Timur,112.7601045,-7.289336102,TELKOM,SELATAN,HIKVISION,DS-2DY3320IW-DE
113,NGAGEL JAYA UTARA GEREJA PANO,SIMPANG,Simpang Ngagel Jaya Utara Gereja Hadap Tengah,112.7598818,-7.289295377,TELKOM,SELATAN,HIKVISION,DS-2CD6986F-H
114,MANYAR NGAGEL BARAT FIX,SIMPANG,Manyar Ngagel LP3I Hadap Barat,112.7625008,-7.293564031,KOMINFO,SELATAN,HIKVISION,DS-2CD4232FWD-IZS
115,MANYAR NGAGEL UTARA FIX,SIMPANG,Manyar Ngagel LP3I Hadap Utara,112.7622265,-7.293691252,KOMINFO,SELATAN,HIKVISION,DS-2CD4A26FWD-IZ
116,MANYAR NGAGEL TIMUR FIX,SIMPANG,Manyar Ngagel LP3I Hadap Timur,112.7623451,-7.293851445,KOMINFO,SELATAN,HIKVISION,DS-2CD4A26FWD-IZ
117,MANYAR NGAGEL SELATAN PTZ,SIMPANG,Manyar Ngagel LP3I Hadap Selatan,112.7622755,-7.293853123,KOMINFO,SELATAN,HIKVISION,DS-2DY3320IW-DE
118,RUNGKUT KIDUL BARAT PTZ,SIMPANG,Simpang Rungkut Kidul Hadap Barat,112.7686095,-7.330925881,TELKOM,SELATAN,HIKVISION,DS-2DY3320IW-DE
119,RUNGKUT KIDUL UTARA PTZ,SIMPANG,Simpang Rungkut Kidul Hadap Utara,112.7687401,-7.33083916,TELKOM,SELATAN,HIKVISION,DS-2DY3320IW-DE
120,RUNGKUT KIDUL TIMUR PTZ,SIMPANG,Simpang Rungkut Kidul Hadap Timur,112.7688424,-7.331270032,TELKOM,SELATAN,HIKVISION,DS-2DY3320IW-DE
121,RUNGKUT ALANG-ALANG UTARA PTZ,SIMPANG,Simpang Rungkut Alang - Alang Hadap Utara,112.7696502,-7.322519971,TELKOM,SELATAN,HIKVISION,DS-2DY3320IW-DE
122,RUNGKUT ALANG-ALANG SELATAN PTZ,SIMPANG,Simpang Rungkut Alang - Alang Hadap Selatan,112.7697523,-7.322160751,TELKOM,SELATAN,HIKVISION,DS-2DY3320IW-DE
123,RUNGKUT ALANG-ALANG TIMUR PTZ,SIMPANG,Simpang Rungkut Alang - Alang Hadap Timur,112.7696322,-7.322408574,TELKOM,SELATAN,HIKVISION,DS-2DY3320IW-DE
124,A YANI KETINTANG BARU PANO,SIMPANG,Simpang Ahmad Yani Jalur Utama Pano,"112,733,310","-7,319,229",KOMINFO,SELATAN,HIKVISION,DS-2CD6986F-H
125,BANGKINGAN - SUMUR WELUT TIMUR PTZ,SIMPANG,Simpang Jl. Bangkingan - Jl. Sumur Welut Hadap Timur,"112,650,582","-7,323,587",TELKOM,SELATAN,HIKVISION,DS-2DY3320IW-DE
126,PERTIGAAN MARMOYO PTZ,RUAS,Jl. Darmo - Jl. Marmoyo,"112,739,484","-7,296,811",TELKOM,SELATAN,Unidentified,Unidentified
127,AHMAD YANI KEJATI PTZ,RUAS,Jl. Ahmad Yani Seberang Kejati,"112,734,656","-7,313,555",TELKOM,SELATAN,Unidentified,Unidentified
128,KARAH PTZ,SIMPANG,Unidentified,112.7195775,-7.3090327,TELKOM,SELATAN,HIKVISION,Unidentified
,,,,,,,,,
129,DIPONEGORO CILIWUNG UTARA PTZ,SIMPANG, Jl. Diponegoro - Ciliwung Hadap Utara,112.7372262,-7.292518904,KOMINFO,BARAT,HIKVISION,DS-2CD2642FWD-I
130,DIPONEGORO CILIWUNG BARAT PTZ,SIMPANG, Jl. Diponegoro - Ciliwung Hadap Barat,112.7369727,-7.292378389,KOMINFO,BARAT,HIKVISION,DS-2CD2642FWD-I
131,DIPONEGORO CILIWUNG SELATAN FIX,SIMPANG, Jl. Diponegoro - Ciliwung Hadap Selatan,112.7372079,-7.29196228,KOMINFO,BARAT,HIKVISION,DS-2DY3320IW-DE
132,DIPONEGORO KUTAI  PANO,SIMPANG,Simpang Diponegoro - Kutei,112.7362316,-7.290368627,KOMINFO,BARAT,HIKVISION,DS-2CD6986F-H
133,DIPONEGORO KUTAI TIMUR FIX,SIMPANG,Simpang Diponegoro - Kutei Hadap Barat,112.7360114,-7.290269188,KOMINFO,BARAT,MAGIC VISION,MVS-414232-IRMVF
134,DIPONEGORO MUSI UTARA PTZ,SIMPANG,Simpang Diponegoro - Musi Hadap Utara,112.7342724,-7.286213741,KOMINFO,BARAT,HIKVISION,DS-2CD4232FWD-IZS
135,DIPONEGORO MUSI SELATAN FIX,SIMPANG,Simpang Diponegoro - Musi Hadap Selatan,112.7342484,-7.286472677,KOMINFO,BARAT,HIKVISION,DS-2CD4232FWD-IZS
136,DIPONEGORO MUSI DOME  ,SIMPANG,Simpang Diponegoro - Musi Dome Hadap Utara,112.7342796,-7.286372479,KOMINFO,BARAT,MAGIC VISION,MV-9048-812-SD
137,MUSI OPAK BARAT PTZ,SIMPANG,Simpang Jl. Musi - Jl. Opak Hadap Barat,112.7333374,-7.28682313,TELKOM,BARAT,HIKVISION,DS-2DY3320IW-DE
138,INDRAGIRI GOR PTZ,SIMPANG,Simpang Jl. Indragiri - Jl. Musi FIX 1,112.7316004,-7.287776051,TELKOM,BARAT,HIKVISION,DS-2DY3320IW-DE
139,DIPONEGORO SOETOMO TIMUR FIX,SIMPANG,Simpang Diponegoro - Dr. Soetomo Hadap Timur,112.7331874,-7.284602945,KOMINFO,BARAT,HIKVISION,DS-2DY3320IW-DE
140,DIPONEGORO SOETOMO SELATAN FIX,SIMPANG,Simpang Diponegoro - Dr. Soetomo Hadap Selatan,"112,733,338","-7,284,595",KOMINFO,BARAT,Unidentified,Unidentified
141,DIPONEGORO SOETOMO UTARA FIX,SIMPANG,Simpang Diponegoro - Dr. Soetomo Hadap Utara,"112,733,402","-7,284,340",KOMINFO,BARAT,Unidentified,Unidentified
142,DIPONEGORO KARTINI PTZ,SIMPANG,Simpang Jl Diponegoro - jl Kartini Arah Keluar Kota,112.729201,-7.278062,KOMINFO,BARAT,MAGIC VISION,MV-91021-IR-SD-OD
143,BANYU URIP POSPOL PTZ,SIMPANG,Simpang Jl. Diponegoro - Ps Kembang - Banyu Urip (pos polisi)  Hadap Barat,"112,726,695","-7,274,829",KOMINFO,BARAT,HIKVISION,DS-2DY3320IW-DE
144,BANYU URIP PUTAT PTZ ,SIMPANG,Simpang Banyu Urip - Girilaya Hadap Timur,"112,726,196","-7,274,834",TELKOM,BARAT,HIKVISION,DS-2DY3320IW-DE
145,BANYU URIP TOKO EMAS PTZ,SIMPANG,Simpang Jl. Diponegoro - Ps Kembang - Banyu Urip (Toko Emas),"112,726,929","-7,275,089",TELKOM,BARAT,HIKVISION,DS-2DY3320IW-DE
146,PASAR KEMBANG ARJUNO PTZ,SIMPANG,Simpang Kedungdoro Arjuno Hadap Selatan,112.729069,-7.268724,KOMINFO,BARAT,HIKVISION,DS-2DY3320IW-DE
147,KEDUNGDORO KEDUNGSARI PTZ,SIMPANG,Simpang Kedungdoro - Kedungsari Hadap Timur,112.730242,-7.26554,KOMINFO,BARAT,HIKVISION,DS-2DY3320IW-DE
148,KEDUNGDORO KEDUNGSARI SELATAN FIX,SIMPANG,Simpang Kedungdoro - Kedungsari Hadap Selatan,"112,730,234","-7,265,568",KOMINFO,BARAT,Unidentified,Unidentified
149,BANYU URIP TOL SELATAN FIX,SIMPANG,Banyu urip Tol Simokalangan Hadap Barat,"112,707,140","-7,266,119",TELKOM,BARAT,HIKVISION,DS-2DY3320IW-DE
150,BANYU URIP TOL BARAT FIX,SIMPANG,Banyu urip Tol Simokalangan Hadap Timur,"112,707,139","-7,266,268",TELKOM,BARAT,HIKVISION,DS-2DY3320IW-DE
151,BANYU URIP TOL TIMUR FIX,SIMPANG,Banyu urip Tol Simokalangan Hadap Utara,"112,706,981","-7,266,134",TELKOM,BARAT,HIKVISION,DS-2DY3320IW-DE
152,SUKOMANUNGGAL SATELITE BARAT FIX,SIMPANG,Simpang Sukomanunggal Satelite Hadap Utara,112.6949481,-7.262576442,TELKOM,BARAT,HIKVISION,DS-2DY3320IW-DE
153,SUKOMANUNGGAL SATELITE TIMUR FIX,SIMPANG,Simpang Sukomanunggal Satelite Hadap Timur,112.6951777,-7.262814838,TELKOM,BARAT,HIKVISION,DS-2DY3320IW-DE
154,SUKOMANUNGGAL SATELITE SELATAN FIX,SIMPANG,Simpang Sukomanunggal Satelite Hadap Selatan,112.6950342,-7.262757975,TELKOM,BARAT,HIKVISION,DS-2DY3320IW-DE
155,SUKOMANUNGGAL SATELITE PANO,SIMPANG,Simpang Sukomanunggal Satelite,112.6951484,-7.262612288,TELKOM,BARAT,HIKVISION,DS-2CD6986F-H
156,TANDES - TANJUNGSARI DOME,SIMPANG,Simpang Tandes -  Tanjungsari,"112,692,089","-7,260,766",TELKOM,BARAT,VIVOTEK,VIVOTEK
157,TANDES - TANJUNGSARI BARAT PTZ,SIMPANG,Simpang Tandes -  Tanjungsari Hadap Barat,"112,692,300","-7,260,745",TELKOM,BARAT,HIKVISION,DS-2DY3320IW-DE
158,TANDES - TANJUNGSARI UTARA FIX,SIMPANG,Simpang Tandes -  Tanjungsari Hadap Utara,"112,692,365","-7,260,629",TELKOM,BARAT,HIKVISION,DS-2CD4232FWD-IZS
159,TANDES IMIGRASI BARAT FIX,SIMPANG,Simpang Jl. Raya Darmo Indah Selatan - Jl. Tandes Hadap Barat,"112,684,871","-7,259,171",TELKOM,BARAT,HIKVISION,DS-2CD3T45G0-4I/SP
160,TANDES IMIGRASI SELATAN FIX,SIMPANG,Simpang Jl. Raya Darmo Indah Selatan - Jl. Tandes Hadap Selatan,"112,684,908","-7,259,136",TELKOM,BARAT,HIKVISION,DS-2CD3T45G0-4I/SP
161,TANDES IMIGRASI TIMUR FIX,SIMPANG,Simpang Jl. Raya Darmo Indah Selatan - Jl. Tandes Hadap Timur,"112,685,027","-7,259,283",TELKOM,BARAT,HIKVISION,DS-2CD3T45G0-4I/SP
162,KYAI AMIR PANO,SIMPANG,Simpang Kyai Amir - Manukan,"112,668,591","-7,257,186",TELKOM,BARAT,Unidentified,Unidentified
163,KYAI AMIR TIMUR PTZ,SIMPANG,Simpang Kyai Amir - Manukan Hadap Timur,"112,668,614","-7,257,215",TELKOM,BARAT,Unidentified,Unidentified
164,KYAI AMIR BARAT PTZ,SIMPANG,Simpang Kyai Amir - Manukan Hadap Barat,"112,668,519","-7,257,134",TELKOM,BARAT,Unidentified,Unidentified
165,KYAI AMIR SELATAN PTZ,SIMPANG,Simpang Kyai Amir - Manukan Hadap Selatan,"112,668,551","-7,257,185",TELKOM,BARAT,Unidentified,Unidentified
166,SEMEMI RS BDH PANO,SIMPANG,Simpang Jl. Raya Sememi - Jl. Kendung (arah RS BDH),112.636342,-7.24611397,TELKOM,BARAT,HIKVISION,DS-2CD6986F-H
167,SDN BENOWO 1 PANO,OBJEK VITAL,Jl. Raya Benowo (SDN Benowo),112.6092879,-7.235535973,TELKOM,BARAT,HIKVISION,DS-2CD6986F-H
168,TERMINAL MANUKAN FIX,OBJEK VITAL,Terminal Manukan,"112,666,130","-7,268,306",TELKOM,BARAT,Unidentified,Unidentified
169,ADITYAWARMAN INDRAGIRI PTZ,SIMPANG,Simpang Adityawarman - Indragiri Hadap Barat,112.7298657,-7.29297096,KOMINFO,BARAT,MAGIC VISION,MV-9048-812-SD
170,ADITYAWARMAN INDRAGIRI BARAT FIX,SIMPANG,Simpang Adityawarman - Indragiri Hadap Barat,112.7295802,-7.292762364,KOMINFO,BARAT,MAGIC VISION,MVS-414232-IRMVF
171,ADITYAWARMAN INRAGIRI UTARA FIX,SIMPANG,Simpang Adityawarman - Indragiri Hadap Utara,112.7298266,-7.293044808,KOMINFO,BARAT,MAGIC VISION,MVS-414232-IRMVF
172,ADITYAWARMAN INRAGIRI TIMUR FIX ,SIMPANG,Simpang Adityawarman - Indragiri Hadap Timur,112.729889,-7.292717169,KOMINFO,BARAT,MAGIC VISION,MVS-414232-IRMVF
173,MAYJEND SUNGKONO DIPONGGO PANO,SIMPANG,Simpang mAyjend Sungkono - Bintang Diponggo,112.7188462,-7.291887355,KOMINFO,BARAT,HIKVISION,DS-2CD6986F-H
174,MAYJEND SUNGKONO CIWO BARAT FIX ,SIMPANG,Simpang Mayjend Sungkono - Bintang Diponggo Hadap Barat,112.7186866,-7.291684153,KOMINFO,BARAT,HIKVISION,MVS-414232-IRMVF
175,MAYJEND SUNGKONO DIPONGGO UTARA FIX,SIMPANG,Simpang Mayjend Sungkono - Bintang Diponggo Hadap Utara,112.7190002,-7.29178829,KOMINFO,BARAT,MAGIC VISION,MVS-414232-IRMVF
176,MAYJEND SUNGKONO CIWO TIMUR FIX ,SIMPANG,Simpang Mayjend Sungkono - Bintang Diponggo Hadap Timur,112.7188462,-7.291887355,KOMINFO,BARAT,HIKVISION,Unidentified
177,MAYJEND SUNGKONO TVRI PANO,SIMPANG,Simpang  Mayjen Sungkono - Jl. Dukuh Kupang (depan TVRI),112.7135438,-7.290546674,KOMINFO,BARAT,HIKVISION,DS-2CD6986F-H
178,MAYJEND SUNGKONO TVRI BARAT FIX,SIMPANG,Simpang  Mayjen Sungkono - Jl. Dukuh Kupang (depan TVRI) Hadap Barat,112.7132773,-7.290285641,KOMINFO,BARAT,MAGIC VISION,MVS-414232-IRMVF
179,MAYJEND SUNGKONO TVRI TIMUR FIX,SIMPANG,Simpang  Mayjen Sungkono - Jl. Dukuh Kupang (depan TVRI) Hadap Timur,112.7135621,-7.29047417,KOMINFO,BARAT,MAGIC VISION,MVS-414232-IRMVF
180,MAYJEND SUNGKONO DUKUH KUPANG SELATAN ,SIMPANG,Simpang  Mayjen Sungkono - Jl. Dukuh Kupang (depan TVRI) Hadap Selatan,112.713515,-7.29017587,KOMINFO,BARAT,MAGIC VISION,MVS-414232-IRMVF
181,BUNDARAN SATELITE EXIT TOL FIX,SIMPANG,Bundaran Satelit - TOL,112.7054975,-7.288569442,KOMINFO,BARAT,HIKVISION,DS-2DY3320IW-DE
182,BUNDARAN SATELIT- NGESONG FIX,SIMPANG,Bundaran Satelite -  Ngesong Hadap Utara,112.7059172,-7.287134607,KOMINFO,BARAT,HIKVISION,DS-2CD4232FWD-IZS
183,UNDERPASS TMP SATELITE TIMUR FIX,RUAS,Mayjend Sungkono Depan TMP,"112,707,375","-7,288,461",TELKOM,BARAT,HIKVISION,DS-2DY3320IW-DE
184,HR MUHAMMAD PTC TIMUR FIX,SIMPANG,Hr Muhammad Yonosoewoyo Hadap Timur,112.6848839,-7.28151402,TELKOM,BARAT,HIKVISION,DS-2DY3320IW-DE
185,HR MUHAMMAD PTC SELATAN PTZ,SIMPANG,Hr Muhammad Yonosoewoyo Hadap Selatan,112.6848509,-7.281588649,TELKOM,BARAT,HIKVISION,DS-2DY3320IW-DE
186,HR MUHAMMAD PTC BARAT PTZ,SIMPANG,Hr Muhammad Yonosoewoyo Hadap Barat,"112,684,613","-7,281,292",TELKOM,BARAT,Unidentified,Unidentified
187,DARMO INDAH SELATAN HADAP TIMUR FIX,SIMPANG,Simpang Darmo Indah - Darmo Indah Selatan VII (hadap timur),112.683618,-7.263810179,TELKOM,BARAT,MAGIC VISION,MVS-414232-IRMVF
188,DARMO INDAH SELATAN HADAP BARAT FIX,SIMPANG,Simpang Darmo Indah - Darmo Indah Selatan VII (hadap barat),112.6839078,-7.263888223,TELKOM,BARAT,MAGIC VISION,MVS-414232-IRMVF
189,BALONGSARI TAMA BARAT FIX,SIMPANG,Simpang Balongsari - Balongsari Tama (hadap barat),112.6773491,-7.263970112,TELKOM,BARAT,HIKVISION,MVS-414232-IRMVF
190,BALONGSARI TAMA UTARA FIX,SIMPANG,Simpang Balongsari - Balongsari Tama (hadap utara),112.6773882,-7.26403968,TELKOM,BARAT,HIKVISION,DS-2CD4232FWD-IZS
191,BALONGSARI PRAJA SELATAN FIX,SIMPANG,Simpang Balongsari - Balongsari Tama (hadap selatan),112.6774481,-7.263923851,TELKOM,BARAT,HIKVISION,DS-2DY3320IW-DE
192,BALONGSARI TAMA PANO,SIMPANG,Simpang Balongsari - Balongsari Tama,112.6774242,-7.263948492,TELKOM,BARAT,HIKVISION,DS-2CD6986F-H
193,ADITYAWARMAN SUTOS SELATAN FIX,SIMPANG,Jl. Adityawarman - Jl. Kutai Hadap Selatan,112.7316207,-7.294568678,KOMINFO,BARAT,HIKVISION,DS-2CD2642FWD-I
194,ADITYAWARMAN SUTOS UTARA FIX,SIMPANG,Jl. Adityawarman - Jl. Kutai Hadap Utara,112.7318964,-7.294231007,KOMINFO,BARAT,HIKVISION,DS-2CD2642FWD-I
195,ADITYAWARMAN SUTOS PANOVU,SIMPANG,Simpang Adityawarman - Kutai (barat),112.7317433,-7.294609959,KOMINFO,BARAT,HIKVISION,DS-2CD6986F-H
196,SUKOMANUNGGAL KUPANG JAYA UTARA PTZ,SIMPANG,Simpang Sukomanunggal - Kupang Jaya Hadap Utara,112.6984543,-7.273787784,TELKOM,BARAT,HIKVISION,DS-2DY3320IW-DE
197,SUKOMANUNGGAL KUPANG JAYA TIMUR PTZ,SIMPANG,Simpang Sukomanunggal - Kupang Jaya Hadap Timur,112.6986696,-7.274103652,TELKOM,BARAT,HIKVISION,DS-2DY3320IW-DE
198,SUKOMANUNGGAL KUPANG JAYA PANO,SIMPANG,Simpang Sukomanunggal - Kupang Jaya,112.6985059,-7.274193804,TELKOM,BARAT,HIKVISION,DS-2CD6986F-H
199,KUPANG JAYA KUPANG INDAH TIMUR PTZ,SIMPANG,Simpang Kupang Jaya - Kupang Indah Hadap Timur,112.7082135,-7.275835932,TELKOM,BARAT,HIKVISION,DS-2DY3320IW-DE
200,KUPANG JAYA KUPANG INDAH BARAT PTZ,SIMPANG,Simpang Kupang Jaya - Kupang Indah Hadap Barat,112.70789,-7.275807822,TELKOM,BARAT,HIKVISION,DS-2DY3320IW-DE
201,ALAS MALANG KENDUNG SELATAN PTZ,SIMPANG,Simpang Jl. Alas Malang - Jl. Kendung Hadap Selatan,112.6340617,-7.261040929,TELKOM,BARAT,HIKVISION,DS-2DY3320IW-DE
202,ALAS MALANG BERINGIN PANO,SIMPANG,Simpang Jl. Alas Malang - Jl. Raya Beringin,112.6470546,-7.261024172,TELKOM,BARAT,HIKVISION,DS-2CD6986F-H
203,SAMBIKEREP DEPAN KELURAHAN PTZ,SIMPANG,Simpang Jl. Raya Sambikerep - Jl Raya Bungkal (kelurahan sambikerep) Hadap Barat,112.6535912,-7.274272565,TELKOM,BARAT,HIKVISION,DS-2DY3320IW-DE
204,SAMBIKEREP LONTAR SELATAN PTZ,SIMPANG,Simpang Jl. Sambikerep - Jl. Raya Lontar Hadap Selatan,112.6580821,-7.280948669,TELKOM,BARAT,HIKVISION,DS-2DY3320IW-DE
205,PATIMURA IPH SCHOOL PTZ,OBJEK VITAL,Jl. Pattimura depan IPH School,112.6950978,-7.275445902,TELKOM,BARAT,HIKVISION,DS-2DY3320IW-DE
206,DUKUH KUPANG ISLAMIC CENTRE PTZ,RUAS,Jl. Dukuh Kupang Depan Islamic Centre ,112.714864,-7.286404139,TELKOM,BARAT,HIKVISION,DS-2DY3320IW-DE
207,BABATAN MENGANTI BARAT PTZ,SIMPANG,Simpang Babatan Menganti UNESA Hadap Utara,112.6739998,-7.308812443,TELKOM,BARAT,HIKVISION,DS-2DY3320IW-DE
208,BABATAN MENGANTI TIMUR PTZ,SIMPANG,Simpang Babatan Menganti UNESA Hadap Timur,112.6740814,-7.308961891,TELKOM,BARAT,HIKVISION,DS-2DY3320IW-DE
209,BABATAN MENGANTI SELATAN PTZ,SIMPANG,Simpang Babatan Menganti UNESA Hadap Selatan,112.6740078,-7.308995873,TELKOM,BARAT,HIKVISION,DS-2DY3320IW-DE
210,BABATAN MENGANTI PANO PTZ,SIMPANG,Simpang Babatan Menganti UNESA Hadap Pano,112.6739133,-7.308943643,TELKOM,BARAT,HIKVISION,DS-2CD6986F-H
211,DIRYOREJO LAKARSANTRI PTZ,SIMPANG,Simpang Lakarsantri-Driyorejo,112.636172,-7.304300162,TELKOM,BARAT,HIKVISION,DS-2CD6986F-H
212,DRIYOREJO LAKARSANTRI TIMUR FIX,SIMPANG,Simpang Lakarsantri-Driyorejo Hadap Timur,112.6359618,-7.304194891,TELKOM,BARAT,HIKVISION,DS-2DY3320IW-DE
213,DRIYOREJO LAKARSANTRI BARAT FIX,SIMPANG,Simpang Lakarsantri-Driyorejo Hadap Barat,112.6359917,-7.304210052,TELKOM,BARAT,HIKVISION,DS-2DY3320IW-DE
214,MADE - LAKARSANTRI UTARA PTZ,SIMPANG,Simpang Lakarsantri - Made Hadap Utara,112.6331294,-7.303200376,TELKOM,BARAT,HIKVISION,DS-2DY3320IW-DE
215,MADE - LAKARSANTRI TIMUR FIX,SIMPANG,Simpang Lakarsantri - Made Hadap Timur,112.6330609,-7.303226276,TELKOM,BARAT,HIKVISION,DS-2DY3320IW-DE
216,MADE - LAKARSANTRI BARAT FIX,SIMPANG,Simpang Lakarsantri - Made Hadap Barat,112.6331418,-7.303269911,TELKOM,BARAT,HIKVISION,DS-2DY3320IW-DE
217,UNDERPASS BUNDARAN SATELIT SISI BARAT PTZ,RUAS,Underpass Bundaran Satelite Hadap Barat,112.7054853,-7.288640352,KOMINFO,BARAT,HIKVISION,DS-2DY3320IW-DE
218,UNDERPASS BUNDARAN SATELIT SISI TIMUR PTZ,RUAS,Underpass Bundaran Satelite Hadap Timut,112.7055958,-7.288449295,KOMINFO,BARAT,HIKVISION,DS-2DY3320IW-DE
219,SUKOMANUNGGAL KEJARI PTZ,SIMPANG,Simpang Darmo Satelite Indah - Sukomanunggal (KEJARI) Hadap Utara,112.6935187,-7.268964141,TELKOM,BARAT,HIKVISION,DS-2DY3320IW-DE
220,HAYAM WURUK BRAWIJAYA SUTOS SPC,SIMPANG,Simpang Hayam Wuruk Kutai - Ksatrian,112.7292701,-7.297630928,TELKOM,BARAT,HIKVISION,DS-2CD6986F-H
221,SEMEMI MONUMENT PESAWAT PANO,RUAS,Simpang Jl. Raya Sememi depan Monumen Pesawat,112.6333724,-7.243951224,TELKOM,BARAT,HIKVISION,DS-2CD6986F-H
222,PCTL MAYJEND SUNGKONO BARAT FIX,RUAS,Mayjen Sungkono (PCTL Masjid/Shell-hadap barat),112.7272225,-7.292347262,KOMINFO,BARAT,HIKVISION,MVS-414232-IRMVF
223,PCTL MAYJEND SUNGKONO TIMUR FIX,RUAS,Mayjen Sungkono (PCTL Masjid/Shell-hadap timur),112.7272318,-7.29246407,KOMINFO,BARAT,HIKVISION,MVS-414232-IRMVF
224,PCTL JERUK BARAT FIX,RUAS,Simpang Jl. Menganti  - Jeruk (PCTL kelurahan jeruk) Hadap Barat,112.6444402,-7.305305017,TELKOM,BARAT,HIKVISION,DS-2CD2642FWD-I
225,PCTL JERUK TIMUR FIX,RUAS,Simpang Jl. Menganti  - Jeruk (PCTL kelurahan jeruk) Hadap Timur,112.6444151,-7.305201825,TELKOM,BARAT,HIKVISION,DS-2CD2642FWD-I
226,PCTL HR MUHAMMAD GRAPARI TIMUR FIX,RUAS,PCTL HR. Muhammad Grapari (PCTL-hadap timur),112.6980685,-7.285799907,TELKOM,BARAT,HIKVISION,DS-2CD4232FWD-IZ
227,CILIWUNG ADITYAWARMAN PANO,SIMPANG,Adityawarman Kutai (Bakso Rindu Malam),112.7333244,-7.295428651,TELKOM,BARAT,HIKVISION,DS-2CD6986F-H
228,ROYAL RESIDENCE BARAT PTZ,SIMPANG,Simpang Jl. Wiyung Depan Perumaha Royal Residence Hadap Barat,"112,679,856","-7,310,148",TELKOM,BARAT,HIKVISION,DS-2DY3320IW-DE
229,ROYAL RESIDENCE SELATAN PTZ,SIMPANG,Simpang Jl. Wiyung Depan Perumaha Royal Residence Hadap Selatan,"112,679,828","-7,310,255",TELKOM,BARAT,HIKVISION,DS-2DY3320IW-DE
230,ROYAL RESIDENCE TIMUR PTZ,SIMPANG,Simpang Jl. Wiyung Depan Perumaha Royal Residence Hadap Timur,"112,680,069","-7,310,322",TELKOM,BARAT,HIKVISION,DS-2DY3320IW-DE
231,ROYAL RESIDENCE PANO,SIMPANG,Simpang Jl. Wiyung Depan Perumaha Royal Residence,"112,679,809","-7,310,253",TELKOM,BARAT,HIKVISION,DS-2CD6986F-H
232,GEREJA KOTA SATELITE PANO,OBJEK VITAL,Jalan HR Muhammad Depan Gereja GKA ,112.7366359,-7.286141519,TELKOM,BARAT,HIKVISION,DS-2CD6986F-H
233,SD PRADAH KALIKENDAL 1 PANO,OBJEK VITAL,HR Muhammad (SDN Pradah Kali Kendal),112.6880901,-7.283002349,TELKOM,BARAT,HIKVISION,DS-2CD6986F-H
234,SD PETRA 1 PANO,OBJEK VITAL,WR Supratman-Wahidin Sudirohusodo,112.7368407,-7.280337234,TELKOM,BARAT,HIKVISION,DS-2CD6986F-H
235,SDN PATEMON TIDAR PANO,OBJEK VITAL,Jl. Tidar (SDN Petemon 2),112.7195089,-7.256292733,TELKOM,BARAT,HIKVISION,DS-2CD6986F-H
236,DARMO PERMAI SELATAN FIX,SIMPANG,Simpang Jl. Raya Darmo Permai Hadap Selatan,"112,689,946","-7,276,961",TELKOM,BARAT,Unidentified,Unidentified
237,DARMO PERMAI BARAT FIX,SIMPANG,Simpang Jl. Raya Darmo Permai Hadap Barat,"112,689,874","-7,276,881",TELKOM,BARAT,Unidentified,Unidentified
238,DARMO PERMAI UTARA FIX,SIMPANG,Simpang Jl. Raya Darmo Permai Hadap Selatan,"112,689,981","-7,276,902",TELKOM,BARAT,Unidentified,Unidentified
239,DARMO PERMAI TIMUR FIX,SIMPANG,Simpang Jl. Raya Darmo Permai Hadap Timur,"112,689,879","-7,276,926",TELKOM,BARAT,Unidentified,Unidentified
240,SATELITE INDAH WIDYAMERTI PANO,SIMPANG,Jl. Satelite Indah Widyamerti,"112,693,799","-7,264,790",TELKOM,BARAT,HIKVISION,DS-2CD6986F-H
241,MARGOMULYO EXIT TOL BARAT PTZ,SIMPANG,Margomulyo akses masuk tol sisi barat,112.6821142,-7.240438955,TELKOM,BARAT,HIKVISION,DS-2DY3320IW-DE
242,MARGOMULYO EXIT TOL TIMUR PTZ,SIMPANG,Margomulyo akses keluar tol sisi timur ,112.6826466,-7.24110091,TELKOM,BARAT,HIKVISION,DS-2DY3320IW-DE
243,SDN PUTAT JAYA 1 PANO,OBJEK VITAL,Perempatan Jl. Dukuh Kupang -  Jl. Jarak,112.7171357,-7.280215799,TELKOM,BARAT,HIKVISION,DS-2CD6986F-H
244,BUNDARAN PTC PTZ,RUAS,Unidentified,112.6786968,-7.2872740,TELKOM,Unidentified,Unidentified,Unidentified
245,BUNDARAN PTC FIX,RUAS,Unidentified,112.6786968,-7.2872740,TELKOM,Unidentified,Unidentified,Unidentified
246,PCTL SIMO BARAT FIX,RUAS,Unidentified,112.71261187,-7.2681703,TELKOM,Unidentified,Unidentified,Unidentified
247,PCTL SIMO TIMUR FIX,RUAS,Unidentified,112.71261187,-7.2681703,TELKOM,Unidentified,Unidentified,Unidentified
248,UTURN MARGOMULYO DEPAN SPBU PTZ,RUAS,Unidentified,112.68206769,-7.24411709,TELKOM,Unidentified,HIKVISION,Unidentified
249,UTURN MARGOMULYO UTARA PTZ,RUAS,Unidentified,112.68226702,-7.23522838,TELKOM,Unidentified,HIKVISION,Unidentified
250,SDN KANDANGAN PANO,OBJEK VITAL,Unidentified,112.6517948,-7.25215307,TELKOM,Unidentified,HIKVISION,Unidentified
251,DANAU UNESA YONOSOEWOYO,OBJEK VITAL,Unidentified,112.65189,-7.252276254,TELKOM,Unidentified,HIKVISION,DS-2CD6986F-H
252,SDN BABAT JERAWAT PANO,OBJEK VITAL,Jl. Raya Babat Jerawat (SDN Babat Jerawat),112.6249888,-7.240379357,TELKOM,Unidentified,HIKVISION,DS-2CD6986F-H
,,,,,,,,,
253,DIPONEGORO WR. SOEPRATMAN PTZ,SIMPANG,Simpang Jl. Diponegoro - Jl. Wr. Supratman Hadap Selatan,112.7316936,-7.280901653,TELKOM,PUSAT,HIKVISION,DS-2DY3320IW-DE
254,WR. SUPRATMAN IMAM BONJOL PANO,SIMPANG,Simpang Jl. Imam Bonjol - Jl. Wr. Supratman,112.7349994,-7.279894766,TELKOM,PUSAT,HIKVISION,DS-2DY3320IW-DE
255,DR SOETOMO IMAM BONJOL PTZ,SIMPANG,Simpang Jl. Imam Bonjol - Jl. Dr. Soetomo Hadap Timur,112.7364624,-7.283009143,TELKOM,PUSAT,HIKVISION,DS-2DY3320IW-DE
256,RA KARTINI ANWARI PTZ,SIMPANG,Simpang Jl. Ir. Anwari - Jl. Kartini  Hadap Timur,112.7312404,-7.278370145,TELKOM,PUSAT,HIKVISION,DS-2DY3320IW-DE
257,PUCANG ANOM PUCANG ADI SISI UTARA FIX,SIMPANG,Simpang Pucang Anom - Pucang Adi Hadap Selatan,112.7558289,-7.284175564,TELKOM,PUSAT,HIKVISION,DS-2CD2642FWD-I
258,PUCANG ANOM PTZ,SIMPANG,Simpang Pucang Anom - Pucang Adi Hadap Utara,112.7558289,-7.284175564,TELKOM,PUSAT,HIKVISION,DS-2DY3320IW-DE
259,KEPUTRAN PANDEGILING DOME,SIMPANG,Simpang Pandegiling - Dinoyo - Keputran Hadap Barat,112.7432377,-7.277735956,TELKOM,PUSAT,MAGIC VISION,MV-91021-IR
260,SULAWESI PTZ,SIMPANG,Jalan Sulawesi  Hadap Timur,112.7460762,-7.276434816,TELKOM,PUSAT,HIKVISION,DS-2DY3320IW-DE
261,SULAWESI - NGAGEL BAGONG PTZ,SIMPANG,Simpang Sulawesi - Ngagel Hadap Timur,112.7452742,-7.276833283,TELKOM,PUSAT,HIKVISION,DS-2DY3320IW-DE
262,SUMATERA GUBENG FIX,SIMPANG,Simpang Gubeng - Karimun jawa (hadap selatan),112.747009,-7.273838737,TELKOM,PUSAT,HIKVISION,MVS-414232-IRMVF
263,KEDUNGSARI TIMUR PTZ,SIMPANG,Simpang Kedungsari Tegalsari Hadap Timur,112.7352409,-7.268036007,KOMINFO,PUSAT,HIKVISION,DS-2DY3320IW-DE
264,KEDUNGSARI BARAT PTZ,SIMPANG,Simpang Kedungsari Tegalsari Hadap Barat,112.7348154,-7.268000592,KOMINFO,PUSAT,HIKVISION,DS-2DY3320IW-DE
265,KEDUNGSARI SELATAN PTZ,SIMPANG,Simpang Kedungsari Tegalsari Hadap Selatan,112.7353091,-7.268226259,KOMINFO,PUSAT,HIKVISION,DS-2DY3320IW-DE
266,TEGALSARI PANO,SIMPANG,Simpang Kedungsari Tegalsari,112.7350534,-7.268182069,KOMINFO,PUSAT,HIKVISION,DS-2CD6986F-H
267,PEMUDA AIR MANCUR TIMUR FIX,SIMPANG,Simpang Pemuda - Pangsud (PCTL-hadap timur),112.745803,-7.264573133,TELKOM,PUSAT,HIKVISION,DS-2CD7A85G0-IZSP/AI
268,PEMUDA AIR MANCUR PTZ,SIMPANG,Simpang Pemuda - Pangsud (PCTL-hadap Barat),112.745803,-7.264573133,TELKOM,PUSAT,HIKVISION,DS-2DY3320IW-DE
269,GUBENG POJOK GRAND CITY PTZ,RUAS,Gubeng Pojok (depan Grand City hadap Selatan),112.7505833,-7.263369444,TELKOM,PUSAT,HIKVISION,DS-2DY3320IW-DE
270,GRAND CITY FIX,RUAS,Gubeng Pojok (depan Grand City hadap Utara),112.7466444,-7.260794444,TELKOM,PUSAT,HIKVISION,DS-2CD7A85G0-IZSP/AI
271,YOS SUDARSO TAMAN SURYA PTZ,RUAS,Jl. Yos Sudarso (Patung Sudirman/ Taman Surya) ,112.7466444,-7.260794444,TELKOM,PUSAT,HIKVISION,DS-2DY3320IW-DE
272,DARMO ALFALAH SELATAN DOME,SIMPANG,Simpang darmo - diponegoro (al falah) Arah Keluar Kota,112.739081,-7.295581,KOMINFO,PUSAT,HIKVISION,MV-91021-IR-SD-OD
273,DARMO ALFALAH UTARA PTZ,SIMPANG,Simpang darmo - diponegoro (al falah) Arah Masuk Kota,112.73932,-7.29553,KOMINFO,PUSAT,HIKVISION,DS-2DY3320IW-DE
274,DARMO AL-FALAH UTARA FIX,SIMPANG,Simpang Darmo Al-Falah Hadap Utara,112.73932,-7.29553,KOMINFO,PUSAT,Unidentified,Unidentified
275,AMBENGAN JAKSA AGUNG UTARA FIX,SIMPANG,Ambengan - Jaksa Agung Suprapto Hadap Utara,112.746985,-7.255801,KOMINFO,PUSAT,HIKVISION,DS-2CD4232FWD-IZS
276,AMBENGAN JAKSA AGUNG SELATAN FIX,SIMPANG,Ambengan - Jaksa Agung Suprapto Hadap Selatan,112.746821,-7.255961,KOMINFO,PUSAT,HIKVISION,DS-2CD4232FWD-IZS
277,AMBENGAN JAKSA AGUNG BARAT FIX,SIMPANG,Ambengan - Jaksa Agung Suprapto Hadap Barat,112.746829,-7.255832,KOMINFO,PUSAT,HIKVISION,DS-2CD4232FWD-IZS
278,AMBENGAN JAKSA AGUNG  TIMUR FIX,SIMPANG,Ambengan - Jaksa Agung Suprapto Hadap Utara,112.747119,-7.255897,KOMINFO,PUSAT,HIKVISION,DS-2CD4232FWD-IZS
279,DIPONEGORO KBS PTZ,RUAS,Jl. Diponegoro (Kebun binatang surabaya) Hadap Masuk Kota,112.738793,-7.295761,TELKOM,PUSAT,HIKVISION,DS-2DY3320IW-DE
280,DINOYO POLISI ISTIMEWA PTZ,SIMPANG,Simpang polisi istimewa - dinoyo,112.743945,-7.279777,TELKOM,PUSAT,MAGIC VISION,MV-90202-SD
281,DARMO POLISI ISTIMEWA TIMUR FIX,SIMPANG,Simpang Darmo - Dr. Soetomo - Polisi Istimewa Hadap Timur,112.740748,-7.281261,KOMINFO,PUSAT,MAGIC VISION,MV-90202-SD
282,DARMO POLISI ISTIMEWA BARAT FIX,SIMPANG,Simpang Darmo - Dr. Soetomo - Polisi Istimewa Hadap Barat,112.740366,-7.281472,KOMINFO,PUSAT,MAGIC VISION,DS-2CD8264F-EI
283,DARMO POLISI ISTIMEWA UTARA PTZ,SIMPANG,Simpang Darmo - Dr. Soetomo - Polisi Istimewa Hadap Utara,112.741377,-7.277306,KOMINFO,PUSAT,MAGIC VISION,DS-2CD8264F-EI
284,DARMO POLISI ISTIMEWA SELATAN FIX,SIMPANG,Simpang Darmo - Dr. Soetomo - Polisi Istimewa Hadap Selatan,112.740564,-7.28116,KOMINFO,PUSAT,HIKVISION,DS-2DY3320IW-DE
285,DARMO KARTINI PTZ,SIMPANG,Simpang Darmo - kartini Hadap Utara,"112,740,847","-7,279,655",KOMINFO,PUSAT,Unidentified,Unidentified
286,URIP SUMOHARJO PANDEGILING PTZ,SIMPANG,Simpang Darmo - Pendegiling (pasopati) Hadap Utara,112.74129,-7.277423,KOMINFO,PUSAT,HIKVISION,DS-2DY3320IW-DE
287,DARMO PANDEGILING PTZ,SIMPANG,Simpang Darmo-Pandegiling Hadap Timur,112.741385,-7.277414,KOMINFO,PUSAT,HIKVISION,DS-2DY3320IW-DE
288,DARMO PANDEGILING BARAT FIX,SIMPANG,Simpang Darmo-Pandegiling Hadap Barat,112.741209,-7.277297,KOMINFO,PUSAT,HIKVISION,MVS-414232-IRMVF
289,DARMO PANDEGILING TIMUR FIX,SIMPANG,Simpang Darmo-Pandegiling Hadap Timur,112.741385,-7.277414,KOMINFO,PUSAT,HIKVISION,MVS-414232-IRMVF
290,PANGLIMA SUDIRMAN (KARAPAN SAPI) PTZ,RUAS,Jl. Panglima Sudirman (karapan sapi) Arah Keluar Kota,112.742253,-7.273242,KOMINFO,PUSAT,MAGIC VISION,MV-90202-SD
291,BASRAH TEGALSARI PTZ,RUAS,Basuki Rahmat – Tegalsari Hadap Utara,112.740929,-7.265888,TELKOM,PUSAT,HIKVISION,DS-2DY3320IW-DE
292,BASRAH TEGALSARI DOME,RUAS,Basuki Rahmat – Tegalsari Hadap Selatan,112.740929,-7.265888,TELKOM,PUSAT,MAGIC VISION,DS-2DM1-612H
293,EMBONG MALANG BLAURAN PTZ,SIMPANG,Simpang Kedungdoro - Embong Malang - Blauran Hadap Utara,112.733189,-7.258335,KOMINFO,PUSAT,HIKVISION,DS-2DY3320IW-DE
294,EMBONG MALANG TIDAR SELATAN FIX,SIMPANG,Simpang Kedungdoro - Embong Malang - Blauran Hadap Selatan,112.733217,-7.258451,KOMINFO,PUSAT,HIKVISION,DS-2CD4232FWD-IZS
295,BLAURAN PRABAN PTZ,SIMPANG,Simpang Blauran - Praban - Bubutan Hadap Utara,112.734263,-7.255766,TELKOM,PUSAT,HIKVISION,DS-2DY3320IW-DE
296,PCTL EMBONG MALANG TIMUR FIX,RUAS,PCTL Embong Malang (PCTL JW Marriot-hadap Timur),112.7358244,-7.259698461,KOMINFO,PUSAT,HIKVISION,DS-2CD7A85G0-IZSP/AI
297,PCTL EMBONG MALANG BARAT FIX,RUAS,PCTL Embong Malang (PCTL JW Marriot-hadap barat),112.7358244,-7.259698461,KOMINFO,PUSAT,HIKVISION,DS-2CD7A85G0-IZSP/AI
298,GEMBLONGAN SIOLA TIMUR FR,SIMPANG,Simpang Gemblongan - Tunjungan - Praban (hadap timur),112.737506,-7.255956,KOMINFO,PUSAT,HIKVISION,DS-2CD4232FWD-IZS
299,GEMBLONGAN TUNJUNGAN DOME,SIMPANG,Simpang Gemblongan - Tunjungan - Praban,112.737004,-7.255758,KOMINFO,PUSAT,MAGIC VISION,MVS-414232-IRMVF
300,MONUMEN BAMBU RUNCING SELATAN FIX,RUAS,Monumen Bambu Runcing Hadap Selatan,"112,744,201","-7,268,544",KOMINFO,PUSAT,HIKVISION,DS-2CD7A85G0-IZSP/AI
301,MONUMEN BAMBU RUNCING PANO,RUAS,Monumen Bambu Runcing,"112,744,416","-7,268,092",KOMINFO,PUSAT,HIKVISION,DS-2CD6986F-H
302,KAYOON SONOKEMBANG PTZ,SIMPANG,Simpang Kayoon - Sonokembang Hadap Utara,112.744448,-7.272446,TELKOM,PUSAT,HIKVISION,DS-2DY3320IW-DE
303,KAYOON SONOKEMBANG BARAT FIX,SIMPANG,Simpang Kayoon - Sonokembang Hadap Selatan,112.744284,-7.272528,TELKOM,PUSAT,HIKVISION,DS-2DY3320IW-DE
304,KAYOON SONOKEMBANG UTARA FIX,SIMPANG,Unidentified,"112,744,316","-7,272,408",TELKOM,PUSAT,Unidentified,Unidentified
305,GENTENGKALI UNDAAN FIX,SIMPANG,Gentengkali Undaan Hadap Barat,112.74273,-7.256116,KOMINFO,PUSAT,HIKVISION,DS-2CD4232FWD-IZS
306,GEMBLONGAN SIOLA PANO,SIMPANG,Simpang Gemblongan - Tunjungan - Praban Sisi Jl. Gemblongan,112.736911,-7.25565,TELKOM,PUSAT,HIKVISION,DS-2CD6986F-H
307,IMAM BONJOL SELATAN PTZ,SIMPANG,Simpang Kartini - Imam Bonjol Hadap Selatan,112.7353036,-7.278826364,TELKOM,PUSAT,HIKVISION,DS-2DY3320IW-DE
308,IMAM BONJOL TIMUR FIX,SIMPANG,Simpang Kartini - Imam Bonjol Hadap Timur,112.7353869,-7.27895436,TELKOM,PUSAT,HIKVISION,DS-2DY3320IW-DE
309,IMAM BONJOL UTARA FIX,SIMPANG,Simpang Kartini - Imam Bonjol Hadap Utara,112.7352705,-7.278996322,TELKOM,PUSAT,HIKVISION,DS-2DY3320IW-DE
310,DARMO BENGAWAN SELATAN PTZ,SIMPANG,Simpang Raya Darmo - Bengawan Hadap Selatan,112.7388971,-7.28972993,TELKOM,PUSAT,HIKVISION,DS-2DY3320IW-DE
311,DARMO BENGAWAN BARAT PTZ,SIMPANG,Simpang Raya Darmo - Bengawan hadap Barat,112.7389604,-7.289776178,TELKOM,PUSAT,HIKVISION,DS-2DY3320IW-DE
312,DARMO KAPUAS PTZ,SIMPANG,Simpang Raya Darmo - Kapuas,112.7392371,-7.288827601,TELKOM,PUSAT,HIKVISION,DS-2DY3320IW-DE
313,DARMO BENGAWAN SELATAN FIX,SIMPANG,Simpang Darmo Bengawan Hadap Selatan,"112,738,863","-7,289,818",TELKOM,PUSAT,Unidentified,Unidentified
314,WALIKOTA MUSTAJAB JAKGUNG SUPRAPTO FIX,SIMPANG,Simpang Walikota Mustajab - Jaksa Agung Suprapto Hadap Barat,"112,747,278","-7,260,806",KOMINFO,PUSAT,HIKVISION,DS-2CD6986F-H
315,WALIKOTA MUSTAJAB DEPAN BALAIKOTA PANO,SIMPANG,Walikota Mustajab Depan Balaikota ,112.745943,-7.260497,KOMINFO,PUSAT,HIKVISION,DS-2CD7A85G0-IZSP/AI
316,WALIKOTA MUSTAJAB DEPAN SEDAP MALAM FIX,SIMPANG,Walikota Mustajab Depan Sedap Malam Hadap Selatan,"112,747,203","-7,260,769",KOMINFO,PUSAT,Unidentified,Unidentified
317,JAKSA AGUNG SUPRAPTO SATPOL PP UTARA FIX,SIMPANG,Jaksa Agung Suprapto Depan Satpol PP Hadap Utara,112.74654,-7.258267,KOMINFO,PUSAT,HIKVISION,DS-2CD7A85G0-IZSP/AI
318,JAKSA AGUNG SUPRAPTO SATPOL PP SELATAN FIX,SIMPANG,Jaksa Agung Suprapto Depan Satpol PP Hadap Selatan,112.74654,-7.258267,KOMINFO,PUSAT,HIKVISION,DS-2CD7A85G0-IZSP/AI
319,SULAWESI - BILITON PANO,SIMPANG,Simpang Sulawesi - Biliton,112.749141,-7.277087,TELKOM,PUSAT,HIKVISION,DS-2CD6986F-H
320,RESIDEN SUDIRMAN PTZ,RUAS,Simpang Jl. Residen Sudirman - Jl. Ambengan Hadap Utara,112.754055,-7.256301,KOMINFO,PUSAT,HIKVISION,DS-2DY3320IW-DE
321,GUBERNUR SURYO PANO,RUAS,Jl. Gubernur Suryo (depan Grahadi),112.7432013,-7.263781472,KOMINFO,PUSAT,HIKVISION,DS-2CD6986F-H
322,YOS SUDARSO DPRD FIX,RUAS,Jl. Yos Sudarso (DPRD Tk II) Hadap Utara,112.7458643,-7.263187893,KOMINFO,PUSAT,HIKVISION,DS-2CD7A85G0-IZSP/AI
323,PCTL RS DARMO SELATAN PTZ,RUAS,Jl. Darmo PCTL RS Darmo Arah Keluar Kota,112.739386,-7.287334209,TELKOM,PUSAT,HIKVISION,DS-2DY3320IW-DE
324,PCTL RS DARMO UTARA FIX,RUAS,Jl. Darmo PCTL RS Darmo Arah Masuk Kota,112.7395333,-7.287266678,TELKOM,PUSAT,HIKVISION,DS-2CD7A85G0-IZSP/AI
325,PCTL TUNJUNGAN UTARA FIX,RUAS,PCTL Tunjungan Hadap Utara,112.7389154,-7.259301383,TELKOM,PUSAT,HIKVISION,DS-2CD7A85G0-IZSP/AI
326,PCTL TUNJUNGAN SELATAN FIX,RUAS,PCTL Tunjungan Hadap Selatan,112.7388523,-7.259340256,TELKOM,PUSAT,HIKVISION,DS-2CD7A85G0-IZSP/AI
327,DARMO MERCURE DOME,RUAS,Jl. Raya Darmo Depan Hotel Mercure Hadap Selatan,112.7399435,-7.284560011,KOMINFO,PUSAT,MAGIC VISION,MVS-414232-IRMVF
328,SOGO EMBONG MALANG PANO,RUAS,Embong Malang Depan Tunjungan Plaza 6,112.739209,-7.260975914,TELKOM,PUSAT,HIKVISION,DS-2CD6986F-H
329,BASUKI RAHMAT TP1 PTZ,RUAS,Basuki Rahmat Depan Tunjungan Plaza 1  Hadap Utara,112.7409761,-7.263270957,TELKOM,PUSAT,HIKVISION,DS-2DY3320IW-DE
330,PCTL SUMATERA GUBENG PTZ,RUAS,PCTL Sumatera Gubeng Hadap Selatan,112.7471511,-7.273650325,TELKOM,PUSAT,HIKVISION,DS-2DY3320IW-DE
331,AMBENGAN KUSUMA BANGSA BARAT FIX,SIMPANG,Simpang Ambengan - Kusuma Bangsa Hadap Barat,"112,750,471","-7,256,025",KOMINFO,PUSAT,HIKVISION,DS-2CD7A85G0-IZSP/AI
332,AMBENGAN KUSUMA BANGSA UTARA FIX,SIMPANG,Simpang Ambengan - Kusuma Bangsa Hadap Utara,"112,750,471","-7,256,025",KOMINFO,PUSAT,HIKVISION,DS-2CD7A85G0-IZSP/AI
333,AMBENGAN KUSUMA BANGSA TIMUR FIX,SIMPANG,Simpang Ambengan - Kusuma Bangsa Hadap Timur,"112,750,471","-7,256,025",KOMINFO,PUSAT,HIKVISION,DS-2CD7A85G0-IZSP/AI
334,AMBENGAN KUSUMA BANGSA SELATAN FIX ,SIMPANG,Simpang Ambengan - Kusuma Bangsa Hadap Selatan,"112,750,471","-7,256,025",KOMINFO,PUSAT,HIKVISION,DS-2CD7A85G0-IZSP/AI
335,AMBENGAN WIJAYA KUSUMA BARAT FIX,SIMPANG,Simpang Ambengan - Wijaya Kusuma Hadap Barat,112.7485667,-7.255961111,KOMINFO,PUSAT,HIKVISION,DS-2CD7A85G0-IZSP/AI
336,AMBENGAN WIJAYA KUSUMA SELATAN FIX,SIMPANG,Simpang Ambengan - Wijaya Kusuma Hadap Selatan,112.748775,-7.256169444,KOMINFO,PUSAT,HIKVISION,DS-2CD7A85G0-IZSP/AI
337,AMBENGAN WIJAYA KUSUMA TIMUR FIX,SIMPANG,Simpang Ambengan - Wijaya Kusuma Hadap Timur,112.7489889,-7.255977778,KOMINFO,PUSAT,HIKVISION,DS-2CD7A85G0-IZSP/AI
338,NGAGEL BILKA TIMUR PTZ,SIMPANG,Simpang Ngagel Jaya Selatan Bilka Hadap Timur,112.755068,-7.29357,TELKOM,PUSAT,HIKVISION,DS-2DY3320IW-DE
339,NGAGEL BILKA BARAT FIX,SIMPANG,Simpang Ngagel Jaya Selatan Bilka Hadap Barat,112.755068,-7.29357,TELKOM,PUSAT,HIKVISION,DS-2CD7A85G0-IZSP/AI
340,PANDEGILING IMAM BONJOL SELATAN ,SIMPANG,Simpang Pandegiling - Imam Bonjol Hadap Selatan,"112,735,746","-7,276,136",KOMINFO,PUSAT,HIKVISION,DS-2DY3320IW-DE
341,PANDEGILING IMAM BONJOL BARAT ,SIMPANG,Simpang Pandegiling - Imam Bonjol Hadap Barat,"112,735,721","-7,276,023",KOMINFO,PUSAT,HIKVISION,DS-2DY3320IW-DE
342,PANDEGILING IMAM BONJOL TIMUR ,SIMPANG,Simpang Pandegiling - Imam Bonjol Hadap Timur,"112,735,809","-7,276,104",KOMINFO,PUSAT,HIKVISION,DS-2DY3320IW-DE
343,PEMUDA KAYOON FIX,SIMPANG,Simpang Pemuda Kayoon Hadap Barat,112° 44.990' E,7° 15.959' S,KOMINFO,PUSAT,HIKVISION,DS-2CD7A85G0-IZSP/AI
344,PEMUDA DEPAN RRI PTZ,RUAS,Jl. Pemuda Depan RRI Hadap Timur,"112,747,748","-7,265,298",TELKOM,PUSAT,HIKVISION,DS-2DY3320IW-DE
345,PEMUDA DEPAN MANDIRI FIX,RUAS,Jl. Pemuda Depan Mandiri Hadap Barat,"112,747,730","-7,265,208",TELKOM,PUSAT,HIKVISION,DS-2CD3T45G0-4I/SP
346,EMBONG WUNGU UTARA PTZ,SIMPANG,Simpang Pangsud - Embong Wungu Hadap Utara,"112,744,756","-7,266,663",TELKOM,PUSAT,HIKVISION,DS-2DY3320IW-DE
347,EMBONG WUNGU BARAT PTZ,SIMPANG,Simpang Pangsud - Embong Wungu Hadap Barat,"112,744,667","-7,266,676",TELKOM,PUSAT,HIKVISION,DS-2DY3320IW-DE
348,GEREJA EBEN HAEZER PANO,OBJEK VITAL,Jalan Taman Bintoro Depan Gereja Eben Haezer,112.7366359,-7.286141519,TELKOM,PUSAT,HIKVISION,DS-2CD6986F-H
349,PANDEGILING - SAM RATULANGI SELATAN FIX,SIMPANG,Simpang Pandegiling - Sam Ratulangi Hadap Selatan,"112,738,855","-7,276,797",KOMINFO,PUSAT,HIKVISION,DS-2CD7A85G0-IZSP/AI
350,PANDEGILING - SAM RATULANGI BARAT FIX,SIMPANG,Simpang Pandegiling - Sam Ratulangi Hadap Barat,"112,738,917","-7,276,805",KOMINFO,PUSAT,HIKVISION,DS-2CD7A85G0-IZSP/AI
351,PANDEGILING - SAM RATULANGI TIMUR FIX,SIMPANG,Simpang Pandegiling - Sam Ratulangi Hadap Timur,"112,738,887","-7,276,752",KOMINFO,PUSAT,HIKVISION,DS-2CD7A85G0-IZSP/AI
352,PANDEGILING - TEUNGKU UMAR FIX ,SIMPANG,Simpang Pandegiling - Teuku Umar  Hadap Selatan,"112,738,231","-7,276,585",KOMINFO,PUSAT,HIKVISION,DS-2CD7A85G0-IZSP/AI
353,GKI NGAGEL JAYA PANO,OBJEK VITAL,Ngagel Jaya Utara Depan GKI Ngagel,112.7578559,-7.289253511,TELKOM,PUSAT,HIKVISION,DS-2CD6986F-H
354,PEMUDA SUMATERA BARAT FIX,SIMPANG,Simpang Sumatera - Pemuda Hadap Barat,112.7510971,-7.266261957,TELKOM,PUSAT,HIKVISION,DS-2CD7A85G0-IZSP/AI
355,PEMUDA SUMATERA TIMUR FIX,SIMPANG,Simpang Sumatera - Pemuda Hadap Timur,112.7513316,-7.266397225,TELKOM,PUSAT,HIKVISION,DS-2CD7A85G0-IZSP/AI
356,SUMATERA DEPAN HOTEL SAHID DOME,SIMPANG,Simpang Sumatera - Pemuda (Bando)  Hadap Selatan,112.751364,-7.266532,TELKOM,PUSAT,Unidentified,Unidentified
357,PCTL PANGSUD INTILAND UTARA FIX,RUAS,Jl. Panglima Sudirman PCTL Intiland - UTARA,"112,742,431","-7,272,929",KOMINFO,PUSAT,SPC,SPC
358,PCTL PANGSUD INTILAND SELATAN FIX,RUAS,Jl. Panglima Sudirman PCTL Intiland - SELATAN,"112,742,431","-7,272,929",KOMINFO,PUSAT,SPC,SPC
359,PCTL TAMAN BUNGKUL HADAP SELATAN PTZ,RUAS,Unidentified,112.7390107,-7.291208,TELKOM,PUSAT,HIKVISION,Unidentified
360,PCTL TAMAN BUNGKUL HADAP UTARA FIX,RUAS,Unidentified,112.7390107,-7.291208,TELKOM,PUSAT,SPC,Unidentified
,,,,,,,,,
361,KEMBANG JEPUN KAPASAN  PTZ,RUAS, Simpang Jl. Kembang Jepun (kya kya) - Kapasan Hadap Barat,112.744459,-7.238343,TELKOM,UTARA,HIKVISION,DS-2DY3320IW-DE
362,SIMOKERTO KAPASAN PTZ ,SIMPANG,Simpang Jl. Kapasan - Jl Simokerto Hadap Timur,112.7528275,-7.24067534,TELKOM,UTARA,HIKVISION,DS-2DY3320IW-DE
363,SIMOKERTO KAPASAN SELATAN FIX ,SIMPANG,Simpang Jl. Kapasan - Jl Simokerto Hadap Selatan,112.7528275,-7.24067534,TELKOM,UTARA,HIKVISION,DS-2CD2642FWD-I
364,SIMOKERTO KAPASAN UTARA FIX,SIMPANG,Simpang Jl. Kapasan - Jl Simokerto Hadap Utara,112.7530705,-7.240628767,TELKOM,UTARA,HIKVISION,DS-2CD2642FWD-I
365,JAGALAN KALIANYAR UTARA FIX,SIMPANG,Simpang Jagalan - Kalianyar Hadap Utara,112.746985,-7.248337,KOMINFO,UTARA,HIKVISION,DS-2CD4232FWD-IZS
366,JAGALAN KALIANYAR SELATAN FIX,SIMPANG,Simpang Jagalan - Kalianyar Hadap Selatan,112.746672,-7.248337,KOMINFO,UTARA,HIKVISION,DS-2CD4232FWD-IZS
367,UNDAAN JAGALAN PTZ,SIMPANG,Simpang Undaan Jagalan Dome,"112,746,974","-7,248,421",KOMINFO,UTARA,Unidentified,DS-2DY3320IW-DE
368,PCTL INDRAPURA GKN SELATAN FIX,RUAS,PCTL indrapura Arah Masuk Kota,"112,733,417","-7,242,068",KOMINFO,UTARA,Unidentified,Unidentified
369,PCTL INDRAPURA PPPPK UTARA FIX,RUAS,PCTL indrapura Arah Keluar Kota,112.74239,"-7,240,192",KOMINFO,UTARA,Unidentified,Unidentified
370,JAGALAN PASAR BESAR TIMUR FIX ,SIMPANG,Simpang Jagalan - Pasar Besar Hadap Timur,112.74239,-7.247816,KOMINFO,UTARA,HIKVISION,DS-2CD4232FWD-IZS
371,HANG TUAH UJUNG PERAK UTARA FIX,RUAS,Bundaran Hangtuah Hadap Utara,112.741023,-7.22515,TELKOM,UTARA,MAGIC VISION,MVS-414232-IRMVF
372,INDRAPURA RAJAWALI FIX,SIMPANG, Simpang Rajawali - Indrapura Hadap Selatan,112.730721,-7.234497,TELKOM,UTARA,HIKVISION,MVS-414232-IRMVF
373,JEMBATAN MERAH BARAT FIX,RUAS,Jembatan Merah Hadap Barat,112.737939,-7.23661,TELKOM,UTARA,HIKVISION,MVS-414232-IRMVF
374,PAHLAWAN KEBONROJO PTZ,SIMPANG,Simpang pahlawan - Kebonrojo Hadap Utara,112.738148,-7.243338,TELKOM,UTARA,MAGIC VISION,MV-91021-IR
375,BUBUTAN TEMBAAN PANO,SIMPANG,Simpang Bubutan - Tembaan ,112.73687,-7.247082,KOMINFO,UTARA,HIKVISION,DS-2CD6986F-H
376,BUBUTAN TEMBAAN TIMUR FIX,SIMPANG,Simpang Bubutan - Tembaan Hadap Timur,112.73689,-7.24707,KOMINFO,UTARA,MAGIC VISION,MVS-414232-IRMVF
377,BUBUTAN TEMBAAN BARAT FIX,SIMPANG,Simpang Bubutan - Tembaan Hadap Barat,112.736845,-7.246917,KOMINFO,UTARA,MAGIC VISION,MVS-414232-IRMVF
378,BUBUTAN TEMBAAN SELATAN FIX,SIMPANG,Simpang Bubutan - Tembaan Hadap Selatan,"112,736,850","-7,247,113",KOMINFO,UTARA,Unidentified,Unidentified
379,GEMBLONGAN PENELEH PTZ ,SIMPANG,Simpang Gemblongan - Peneleh Hadap  Selatan,112.736832,-7.252211,TELKOM,UTARA,HIKVISION,DS-2DY3320IW-DE
380,BUBUTAN KEBONROJO SELATAN FIX,SIMPANG,Jl. Bubutan Kebonrojo Hadap Selatan,112.73691,-7.243592,TELKOM,UTARA,MAGIC VISION,MVS-414232-IRMVF
381,INDRAPURA DPRD TIMUR FIX,RUAS,Jl. Indrapura (Gedung Keuangan Negara) Hadap Timur,112.734504,-7.243032,TELKOM,UTARA,HIKVISION,DS-2DY3320IW-DE
382,DEMAK GRESIK PANO,SIMPANG,Simpang Gresik - Demak,"112,721,400","-7,232,342",TELKOM,UTARA,HIKVISION,DS-2CD6986F-H
383,DUPAK PASAR TURI PTZ,SIMPANG,Simpang Dupak Pasar Turi,"112,733,788","-7,246,397",TELKOM,UTARA,HIKVISION,DS-2DY3320IW-DE
384,DUPAK PASAR TURI SELATAN PTZ,SIMPANG,Simpang Dupak Pasar Turi Hadap Selatan,"112,733,833","-7,246,361",TELKOM,UTARA,MAGIC VISION,MVS-414232-IRMVF
385,DUPAK PASAR TURI BARAT PTZ,SIMPANG,Simpang Dupak Pasar Turi Hadap Barat,"112,733,924","-7,246,243",TELKOM,UTARA,MAGIC VISION,MVS-414232-IRMVF
386,DUPAK DEMAK PTZ,SIMPANG,Simpang Dupak Demak Pano,"112,720,910","-7,245,082",TELKOM,UTARA,HIKVISION,DS-2CD6986F-H
387,DUPAK DEMAK UTARA FIX,SIMPANG,Simpang Dupak Demak Hadap Utara,"112,720,910","-7,245,082",TELKOM,UTARA,Unidentified,Unidentified
388,DUPAK DEMAK TIMUR FIX,SIMPANG,Simpang Dupak Demak Hadap Timur,"112,720,910","-7,245,082",TELKOM,UTARA,Unidentified,Unidentified
389,DUPAK RUKUN BABATAN PTZ,SIMPANG,Dupak - Dupak Rukun IV,"112,718,097","-7,245,019",TELKOM,UTARA,MAGIC VISION,MV-9048-812-SD
390,DUPAK TOL BARAT FIX,SIMPANG,Simpang Dupak Akses Tol Hadap Barat,"112,714,304","-7,244,812",TELKOM,UTARA,HIKVISION,DS-2CD4232FWD-IZS
391,DUPAK AKSES TOL SELATAN FIX,SIMPANG,Simpang Dupak Akses Tol Hadap Selatan,"112,714,103","-7,244,985",TELKOM,UTARA,HIKVISION,DS-2CD8264F-EI
392,KALIBUTUH SEMARANG BARAT FIX,SIMPANG,Simpang Kalibutuh Semarang Arjuno Hadap Barat,"112,727,733","-7,255,857",TELKOM,UTARA,MAGIC VISION,MVS-414232-IRMVF
393,KALIBUTUH SEMARANG TIMUR FIX,SIMPANG,Simpang Kalibutuh Semarang Arjuno Hadap Timur,"112,727,598","-7,255,915",TELKOM,UTARA,MAGIC VISION,MVS-414232-IRMVF
394,KALIBUTUH SEMARANG SELATAN FIX,SIMPANG,Simpang Kalibutuh Semarang Arjuno Hadap Selatan,"112,727,584","-7,256,009",TELKOM,UTARA,MAGIC VISION,MVS-414232-IRMVF
395,KENJERAN - TEMPUREJO UTARA FIX,SIMPANG,Simpang Kenjeran Tempurejo Hadap Utara,112.7843893,-7.249685461,KOMINFO,UTARA,HIKVISION,DS-2CD2642FWD-I
396,KENJERAN - TEMPUREJO SELATAN FIX,SIMPANG,Simpang Kenjeran Tempurejo Hadap Selatan,112.7841502,-7.249905327,KOMINFO,UTARA,HIKVISION,DS-2CD4232FWD-IZS
397,KENJERAN - TEMPUREJO TIMUR  FIX,SIMPANG,Simpang Kenjeran Tempurejo Hadap Timur,112.7842065,-7.249694532,KOMINFO,UTARA,HIKVISION,DS-2CD4232FWD-IZS
398,PINTU MASUK JEMBATAN SUROBOYO DOME,SIMPANG,Pintu Masuk Jembatan Suroboyo Dome,112.7977666,-7.240849852,KOMINFO,UTARA,HIKVISION,MS-91021-IR-SD-OD
399,PINTU MASUK JEMBATAN SUROBOYO TIMUR FIX,SIMPANG,Pintu Masuk Jembatan Suroboyo Hadap Timur,112.7952056,-7.235428538,KOMINFO,UTARA,HIKVISION,DS-2CD2642FWD-I
400,PINTU MASUK JEMBATAN SUROBOYO UTARA FIX,SIMPANG,Pintu Masuk Jembatan Suroboyo Hadap Utara,112.7950622,-7.235660403,KOMINFO,UTARA,HIKVISION,DS-2CD2642FWD-I
401,PINTU MASUK JEMBATAN SUROBOYO SELATAN FIX,SIMPANG,Pintu Masuk Jembatan Suroboyo Hadap Selatan,112.7950312,-7.235360302,KOMINFO,UTARA,Unidentified,Unidentified
402,PINTU KELUAR JEMBATAN SUROBOYO SELATAN FIX,SIMPANG,Pintu Keluar Jembatan Suroboyo Hadap Selatan,112.7976968,-7.240966357,KOMINFO,UTARA,HIKVISION,DS-2CD2642FWD-I
403,PINTU KELUAR JEMBATAN SUROBOYO UTARA FIX,SIMPANG,Pintu Keluar Jembatan Suroboyo Hadap Utara,"112,746,137","-7,226,416",KOMINFO,UTARA,Unidentified,Unidentified
404,PINTU KELUAR JEMBATAN SUROBOYO BARAT FIX,SIMPANG,Pintu Keluar Jembatan Suroboyo Hadap Barat,"112,746,137","-7,226,416",KOMINFO,UTARA,Unidentified,Unidentified
405,PAHLAWAN PASAR BESAR PTZ,SIMPANG,Simpang Pahlawan - Tembaan,112.738969,-7.247339,KOMINFO,UTARA,HIKVISION,DS-2DY3320IW-DE
406,PAHLAWAN TEMBAAN TIMUR FIX,SIMPANG,Simpang Pahlawan - Tembaan (Bando-hadap timur),112.738985,-7.247413,KOMINFO,UTARA,HIKVISION,MVS-414232-IRMVF
407,ARJUNO TIDAR TIMUR FIX,SIMPANG,Simpang Arjuno Tidar Hadap Timur,112.7275804,-7.257099679,TELKOM,UTARA,HIKVISION,DS-2DY3320IW-DE
408,ARJUNO TIDAR BARAT FIX,SIMPANG,Simpang Arjuno Tidar Hadap Barat,112.7272453,-7.257003971,TELKOM,UTARA,HIKVISION,DS-2DY3320IW-DE
409,ARJUNO TIDAR UTARA FIX,SIMPANG,Simpang Arjuno Tidar Hadap Utara,112.7275127,-7.256932407,TELKOM,UTARA,HIKVISION,DS-2DY3320IW-DE
410,ARJUNO TIDAR SELATAN FIX,SIMPANG,Simpang Arjuno Tidar Hadap Selatan,112.7273957,-7.257190987,TELKOM,UTARA,HIKVISION,DS-2DY3320IW-DE
411,STASIUN KOTA BONGKARAN FIX,RUAS,Stasiun Kota Bongkaran (hadap timur),112.7408248,-7.242523208,TELKOM,UTARA,HIKVISION,DS-2CD4232FWD-IZS
412,PEGIRIAN  HADAP TENGAH,SIMPANG,Simpang Jalan Pegirian,112.7461617,-7.226521976,TELKOM,UTARA,HIKVISION,DS-2CD6986F-H
413,PEGIRIAN HADAP BARAT,SIMPANG,Unidentified,"112,746,137","-7,226,416",TELKOM,UTARA,Unidentified,Unidentified
414,GEMBONG TEBASAN KAPASARI UTARA FIX,SIMPANG,Simpang Gembong Tebasan Kapasari Hadap Utara,112.7513783,-7.245464748,TELKOM,UTARA,HIKVISION,DS-2DY3320IW-DE
415,GEMBONG TEBASAN KAPASARI BARAT FIX,SIMPANG,Simpang Gembong Tebasan Kapasari Hadap Selatan,112.7512961,-7.24564642,TELKOM,UTARA,HIKVISION,DS-2DY3320IW-DE
416,GEMBONG TEBASAN KAPASARISELATAN FIX,SIMPANG,Simpang Gembong Tebasan Kapasari Hadap Barat,112.7512445,-7.245535619,TELKOM,UTARA,HIKVISION,DS-2DY3320IW-DE
417,TERMINAL TOW SELATAN FIX,RUAS,Depan Terminal TOW Hadap Selatan,112.6548299,-7.218004576,TELKOM,UTARA,VIVOTEK,VIVOTEK
418,TERMINAL TOW PTZ,RUAS,Depan Terminal TOW,112.6549062,-7.217969852,TELKOM,UTARA,HIKVISION,DS-2DY3320IW-DE
419,DIPONEGORO KARTINI UTARA FIX,SIMPANG,Simpang Diponegoro Kartini Hadap Utara,"112,729,184","-7,277,967",TELKOM,UTARA,Unidentified,Unidentified
420,DIPONEGORO KARTINI SELATAN FIX,SIMPANG,Simpang Diponegoro Kartini Hadap Selatan,"112,729,149","-7,278,119",TELKOM,UTARA,Unidentified,Unidentified
421,MARGOMULYO KALIANAK PTZ,SIMPANG,Simpang Kalianak-Greges-Margomulyo ,112.6825379,-7.229739476,TELKOM,UTARA,MAGIC VISION,DS-2DM1-612H
422,MARGOMULYO KALIANAK BARAT,SIMPANG,Unidentified,"112,682,502","-7,229,682",TELKOM,UTARA,Unidentified,Unidentified
423,MARGOMULYO KALIANAK SELATAN,SIMPANG,Unidentified,"112,682,682","-7,229,792",TELKOM,UTARA,Unidentified,Unidentified
424,ROMOKALISARI GRESIK FIX,SIMPANG,Simpang Romokalisari - TOW Hadap Luar Kota,112.6459328,-7.196088209,TELKOM,UTARA,MAGIC VISION,MVS-414232-IRMVF
425,ROMOKALISARI GRESIK TIMUR FIX,SIMPANG,Unidentified,"112,646,265","-7,196,941.00",TELKOM,UTARA,Unidentified,Unidentified
426,BALONGSARI TANDES PTZ,SIMPANG,Balongsari (Bibis-Margomulyo-Tandes),112.6791263,-7.258386984,TELKOM,UTARA,HIKVISION,DS-2DY3320IW-DE
427,TANJUNGSARI DOME,SIMPANG,Simpang Raya Tandes-Sukomanunggal-Tanjungsari,112.6923954,-7.260789538,TELKOM,UTARA,MAGIC VISION,DS-2DM1-612H
428,BUNDARAN MARGOMULYO SPBU PTZ,SIMPANG,Manukan Margomulyo A ( Margomulyo-Tandes ),112.6924326,-7.260968246,TELKOM,UTARA,MAGIC VISION,DS-2DY3320IW-DE
429,NGAGLIK KAPASARI PTZ,SIMPANG,Simpang Jl. Kusuma Bangsa - Jl. Kapasari,"112,750,468","-7,248,868",KOMINFO,UTARA,HIKVISION,DS-2DY3320IW-DE
430,NGAGLIK KALIANAYAR BARAT FIX,SIMPANG,Simpang Jl. Kusuma Bangsa - Jl. Kapasari Hadap Barat,"112,750,158","-7,248,836",KOMINFO,UTARA,HIKVISION,DS-2CD7A85G0-IZSP/AI
431,KUSUMA BANGSANGAGLIK SELATAN FIX,SIMPANG,Simpang Jl. Kusuma Bangsa - Jl. Kapasari Hadap Selatan,"112,750,154","-7,249,126",KOMINFO,UTARA,HIKVISION,DS-2CD7A85G0-IZSP/AI
432,PECINDILAN PENGAMPON SELATAN FIX,SIMPANG,Simpang Pecindilan Pengampon Hadap Selatan,112.7471524,-7.244774591,TELKOM,UTARA,HIKVISION,DS-2DY3320IW-DE
433,PECINDILAN PENGAMPON BARAT FIX,SIMPANG,Simpang Pecindilan Pengampon Hadap Barat,112.7472303,-7.244548265,TELKOM,UTARA,HIKVISION,DS-2DY3320IW-DE
434,PECINDILAN PENGAMPON PANO,SIMPANG,Simpang Pecindilan Pengampon,112.7473158,-7.244722467,TELKOM,UTARA,HIKVISION,DS-2CD6986F-H
435,JAKARTA PERAK BARAT FIX,SIMPANG,JL. Jakarta Perak Barat Hadap Barat,"112,732,121","-7,222,886",TELKOM,UTARA,Unidentified,Unidentified
436,KENJERAN TAMBAKREJO BARAT FIX,SIMPANG,Simpang Jl. Kenjeran - Jl. Tambakrejo Hadap Barat,112.7590076,-7.24258945,TELKOM,UTARA,HIKVISION,DS-2CD4232FWD-IZS
437,KENJERAN TAMBAKREJO TIMUR FIX,SIMPANG,Simpang Jl. Kenjeran - Jl. Tambakrejo Hadap Timur,112.7592246,-7.2427228,TELKOM,UTARA,HIKVISION,DS-2CD4232FWD-IZS
438,KENJERAN MAKAM WR SOEPRATMAN PTZ,RUAS,Jl. Kenjeran Makam WR Supratman,112.7611461,-7.243364067,TELKOM,UTARA,HIKVISION,DS-2DY3320IW-DE
439,KENJERAN KD COWEK BARAT FIX,SIMPANG,Simpang Jl. Kenjeran - Jl. Kedung Cowek (sisi barat),"112,768,827","-7,245,276",KOMINFO,UTARA,HIKVISION,DS-2CD7A85G0-IZSP/AI
440,KENJERAN KD COWEK SELATAN FIX,SIMPANG,Simpang Jl. Kenjeran - Jl. Kedung Cowek (sisi selatan),"112,768,855","-7,245,501",KOMINFO,UTARA,HIKVISION,DS-2CD7A85G0-IZSP/AI
441,KENJERAN KD COWEK TIMUR FIX,SIMPANG,Simpang Jl. Kenjeran - Jl. Kedung Cowek (sisi timur),"112,769,099","-7,245,473",KOMINFO,UTARA,HIKVISION,DS-2CD7A85G0-IZSP/AI
442,KENJERAN KD COWEK UTARA FIX,SIMPANG,Simpang Jl. Kenjeran - Jl. Kedung Cowek (sisi utara),"112,769,091","-7,245,285",KOMINFO,UTARA,HIKVISION,DS-2CD7A85G0-IZSP/AI
443,KENJERAN KD COWEK PTZ,SIMPANG,Simpang Jl. Kenjeran - Jl. Kedung Cowek,"112,768,712","-7,245,321",KOMINFO,UTARA,HIKVISION,DS-2DY3320IW-DE
444,KEDUNG COWEK SMA 19 FIX,OBJEK VITAL,Jl. Kedung Cowek - Kedinding SMA 19 Hadap Masuk Kota,112.7770361,-7.221847222,KOMINFO,UTARA,HIKVISION,DS-2CD7A85G0-IZSP/AI
445,KEDUNG COWEK SAMSAT FIX,RUAS,Jl. Kedung Cowek Depan Samsat Hadap Masuk Kota,112.7763861,-7.222675,KOMINFO,UTARA,HIKVISION,DS-2CD7A85G0-IZSP/AI
446,TAMBAK WEDI BARU FIX,RUAS,Jl. Tambak Wedi Baru Hadap Keluar Kota,112.7771139,-7.217891667,KOMINFO,UTARA,HIKVISION,DS-2CD7A85G0-IZSP/AI
447,TAMBAK WEDI LAMA FIX,RUAS,Jl. Tambak Wedi Lama Hadap Timur,112.7782083,-7.210922222,KOMINFO,UTARA,HIKVISION,DS-2CD7A85G0-IZSP/AI
448,SURAMADU BOSEM FIX,RUAS,Kedung Cowek Suramadu Bozem Hadap Barat,112.7793111,-7.211138889,KOMINFO,UTARA,HIKVISION,DS-2CD7A85G0-IZSP/AI
449,JEMBATAN SURAMADU PTZ,RUAS,Jembatan Suramadu,112.7785361,-7.208633333,KOMINFO,UTARA,HIKVISION,DS-2DY3320IW-DE
450,JEMBATAN SURAMADU FIX,RUAS,Jembatan Suramadu Hadap Selatan,112.7785361,-7.208633333,KOMINFO,UTARA,Unidentified,Unidentified
451,NAMBANGAN PTZ,RUAS,Jl. Nambangan (Sentra Ikan Bulak),112.787721,-7.225978,KOMINFO,UTARA,HIKVISION,DS-2DY3320IW-DE
452,TAMBAKREJO KRAMPUNG TIMUR FIX,SIMPANG,Simpang Tambak Rejo - Kapas Krampung (hadap timur),112.757653,-7.24869,KOMINFO,UTARA,HIKVISION,MVS-414232-IRMVF
453,TAMBAKREJO KRAMPUNG BARAT FIX,SIMPANG,Simpang Tambak Rejo - Kapas Krampung (hadap barat ),112.757554,-7.24865,KOMINFO,UTARA,HIKVISION,MVS-414232-IRMVF
454,TAMBAKREJO KRAMPUNG DOME,SIMPANG,Simpang Tambak Rejo - Kapas Krampung,112.757646,-7.248661,KOMINFO,UTARA,MAGIC VISION,MS-91021-IR-SD-OD
455,KP KRAMPUNG PUTRO AGUNG BARAT FIX,SIMPANG,Simpang Jl. Kapas Kerampung - Jl. Putro Agung sisi barat ,112.767583,-7.251157,KOMINFO,UTARA,HIKVISION,MV-9048-812-SD
456,KP KRAMPUNG PUTRO AGUNG TIMUR FIX,SIMPANG,Simpang Jl. Kapas Kerampung - Jl. Putro Agung sisi timur,112.767816,-7.251114,KOMINFO,UTARA,HIKVISION,MV-9048-812-SD
457,NGAGLIK TAMBAK SARI PTZ,SIMPANG,Simpang Jl. Ngaglik - Tambak sari (kantor Polisi),112.755581,-7.249341,KOMINFO,UTARA,HIKVISION,DS-2DY3320IW-DE
458,KALASAN PTZ,SIMPANG,Simpang Kalasan - Pacar Keling Hadap Timur,112.756805,-7.259368,TELKOM,UTARA,HIKVISION,DS-2DY3320IW-DE
459,PAHLAWAN GUBERNURAN PTZ,SIMPANG,Pulau Jalan Jl. Bubutan - Jl. Pahlawan Hadap Utara,"112,738,697","-7,246,596",KOMINFO,UTARA,HIKVISION,DS-2DY3320IW-DE
460,BUBUTAN PAHLAWAN UTARA FIX,SIMPANG,Simpang Bubutan - Pahlawan Hadap Utara,"112,738,697","-7,246,596",KOMINFO,UTARA,Unidentified,Unidentified
461,SDN PACAR KELING PANO,OBJEK VITAL,"Pertigaan SDN Pacar Keling 5,6,7,8 ",112.7549752,-7.258491632,TELKOM,UTARA,HIKVISION,DS-2CD6986F-H
462,SDN GUNDIH PANO,OBJEK VITAL,Jl. Dupak (SDN Gundih) ,112.7259259,-7.24529625,TELKOM,UTARA,HIKVISION,DS-2CD6986F-H
463,SDN RANGKAH 1 PANO,OBJEK VITAL,Jl. Kapas Krampung depan PCTL SD Rangkah (SDN Rangkah 4),112.7599761,-7.249131176,TELKOM,UTARA,HIKVISION,DS-2CD6986F-H
464,PERAK KREMBANGAN PTZ,SIMPANG,Simpang Perak Krembangan,112.728429,-7.232449,KOMINFO,UTARA,HIKVISION,DS-2DY3320IW-DE
465,PERAK KREMBANGAN UTARA FIX,SIMPANG,Simpang Perak Krembangan Hadap Utara,112.728429,-7.232449,KOMINFO,UTARA,MAGIC VISION,MV-90202-SD
466,SDN BUBUTAN 4 PANO,OBJEK VITAL,Depan SDN Bubutan 4 Jl. Semarang,112.7292785,-7.251385418,TELKOM,UTARA,HIKVISION,DS-2CD6986F-H
467,SIDOTOPO WETAN PANO,SIMPANG,Simpang Sidotopo Wetan - Sidoyoso,112.7581895,-7.238886183,TELKOM,UTARA,HIKVISION,DS-2CD6986F-H
468,BUBUTAN PENGHELA PTZ,RUAS,Jl. Bubutan - Jl. Penghela,112.7363,-7.249079,TELKOM,UTARA,HIKVISION,DS-2DY3320IW-DE
469,GEREJA PANTEKOSTA PERAK PANO,OBJEK VITAL,Gereja Pantekosta Perak - Jalan Jakarta Perak Timur,"112,733,305","-7,224,161",TELKOM,UTARA,HIKVISION,DS-2CD6986F-H
470,EXIT JEMBATAN SURAMADU PTZ,RUAS,Unidentified,"11,277,858","-7,212,849",KOMINFO,UTARA,Unidentified,Unidentified
471,PERTIGAAN TEMBOK DUKUH PANO,RUAS,Simpang Tembok Dukuh - Dupak - Kalibutuh,"112,720,263","-7,254,763",TELKOM,UTARA,HIKVISION,DS-2CD6986F-H
472,PCTL SMPN 5 PANO,RUAS,Jl. Rajawali PCTL SMPN 5 Surabaya,"112,731,516","-7,234,475",TELKOM,UTARA,HIKVISION,DS-2CD6986F-H
473,SMP HANG TUAH PANO,OBJEK VITAL,SMP Hang Tuah Jl. Indragiri - Jl. Bogowonto,112.7316112,-7.289564952,TELKOM,UTARA,HIKVISION,DS-2CD6986F-H
474,BASRAH GRAMEDIA EXPO PTZ,RUAS,Basuki Rahmad depan PCTL Gramedia Expo,112.7416143,-7.269421812,KOMINFO,UTARA,HIKVISION,DS-2DY3320IW-DE
,,,,,,,,,
475,MERR KENJERAN SELATAN PTZ,SIMPANG,Simpang Jl. Kenjeran - MERR Hadap Selatan,112.784415,-7.249614,KOMINFO,TIMUR,HIKVISION,DS-2DY3320IW-DE
476,MERR KENJERAN DOME,SIMPANG,Simpang Jl. Kenjeran - MERR,112.784144,-7.249936,KOMINFO,TIMUR,MAGIC VISION,MS-91021-IR-SD-OD
477,MERR KALIJUDAN PANO,SIMPANG,Simpang Merr - Jl. Kalijudan,"112,782,393","-7,255,005",KOMINFO,TIMUR,HIKVISION,DS-2CD6986F-H
478,MERR MULYOREJO DOME,SIMPANG,Simpang MERR - Sutorejo (Mulyorejo-MERR),112.7830537,-7.263373922,KOMINFO,TIMUR,MAGIC VISION,MV-91021-IR
479,MERR MULYOREJO UTARA FIX,SIMPANG,Unidentified,"112,783,133","-7,263,350",KOMINFO,TIMUR,Unidentified,Unidentified
480,SMP 45 MULYOREJO PANO,OBJEK VITAL,SMP Negeri 45 Surabaya,112.7851917,-7.262622186,TELKOM,TIMUR,HIKVISION,DS-2CD6986F-H
481,MERR DHARMAHUSADA PTZ,SIMPANG,Simpang MERR - Dharmahusada (Kampus C Unair),112.78225,-7.269954,KOMINFO,TIMUR,HIKVISION,DS-2DY3320IW-DE
482,MERR DHARMAHUSADA UTARA FIX,SIMPANG,Simpang MERR - Dharmahusada (Kampus C Unair) Hadap Utara,112.782195,-7.269928,KOMINFO,TIMUR,HIKVISION,MVS-414232-IRMVF
483,MERR DHARMAHUSADA SELATAN FIX,SIMPANG,Simpang MERR - Dharmahusada (Kampus C Unair) Hadap Selatan,112.782005,-7.27013,KOMINFO,TIMUR,VIVOTEK,VIVOTEK
484,MERR DHARMAHUSADA TIMUR FIX,SIMPANG,Simpang MERR - Dharmahusada (Kampus C Unair) Hadap Timur,112.782245,-7.270149,KOMINFO,TIMUR,HIKVISION,MVS-414232-IRMVF
485,MERR KONI DOME,SIMPANG,Simpang MERR - Manyar Kertoarjo KONI,112.7808712,-7.280466066,KOMINFO,TIMUR,MAGIC VISION,MV-91021-IR
486,MERR KONI SELATAN FIX,SIMPANG,Simpang MERR - Manyar Kertoarjo KONI Hadap Selatan,112.7808741,-7.280787704,KOMINFO,TIMUR,HIKVISION,DS-2CD2632F-IS
487,MERR KONI UTARA FIX,SIMPANG,Simpang MERR - Manyar Kertoarjo KONI Hadap Utara,112.7806669,-7.28053978,KOMINFO,TIMUR,HIKVISION,DS-2CD2632F-IS
488,MERR KONI BARAT FIX,SIMPANG,Simpang MERR - Manyar Kertoarjo KONI Hadap Barat,112.7811275,-7.280656941,KOMINFO,TIMUR,HIKVISION,DS-2CD2632F-IS
489,MERR KONI TIMUR FIX,SIMPANG,Simpang MERR - Manyar Kertoarjo KONI Hadap Timur,"112,780,942","-7,280,435",KOMINFO,TIMUR,HIKVISION,DS-2CD4232FWD-IZS
490,SMP 19 SURABAYA PANO,OBJEK VITAL,Jl.  Dr. Ir. H. Soekarno depan SMP 19 Surabaya,112.7807469,-7.288030848,TELKOM,TIMUR,HIKVISION,DS-2CD6986F-H
491,ARIF RAHMAN HAKIM SELATAN PTZ,SIMPANG,Simpang MERR - JL. Arief Rahman Hakim Hadap Selatan,112.7753027,-7.289444843,KOMINFO,TIMUR,HIKVISION,DS-2DY3320IW-DE
492,ARIF RAHMAN HAKIM PTZ,SIMPANG,Simpang MERR - JL. Arief Rahman Hakim,112.7754221,-7.289656925,KOMINFO,TIMUR,HIKVISION,DS-2DY3320IW-DE
493,ARIF RAHMAN HAKIM  UTARA PTZ,SIMPANG,Simpang MERR - JL. Arief Rahman Hakim Hadap Utara,"112,780,660","-7,289,465",KOMINFO,TIMUR,HIKVISION,DS-2DY3320IW-DE
494,MERR SEMOLOWARU SELATAN PTZ,SIMPANG,Simpang MERR - Jl. Suko Semolo Hadap Selatan,"112,781,668","7,301,183",KOMINFO,TIMUR,HIKVISION,DS-2DY3320IW-DE
495,MERR SEMOLOWARU UTARA FIX,SIMPANG,Simpang MERR - Jl. Suko Semolo Hadap Utara,"112,781,748","-7,301,146",KOMINFO,TIMUR,HIKVISION,DS-2DY3320IW-DE
496,SEMOLO SUKOSEMOLO BARAT FIX,SIMPANG,Simpang Semolowaru Hadap Barat,112.779153,-7.300781,KOMINFO,TIMUR,HIKVISION,MV-9048-812-SD
497,SEMOLO SUKOSEMOLO TIMUR  FIX,SIMPANG,Simpang Semolowaru Hadap Timur,112.779314,-7.300867,KOMINFO,TIMUR,HIKVISION,MV-9048-812-SD
498,SEMOLO SUKOSEMOLO SELATAN PTZ,SIMPANG,Simpang Semolowaru Hadap Selatan,112.779207,-7.300872,KOMINFO,TIMUR,HIKVISION,DS-2DY3320IW-DE
499,MERR KEDUNG BARUK DOME,SIMPANG,Simpang MERR - Jl. Kedung Baruk,"112,780,581","7,311,334",TELKOM,TIMUR,MAGIC VISION,MV-91021-IR
500,MERR STIKOM BARAT PTZ,SIMPANG,Simpang MERR - Jl. Kedung Baruk Hadap Barat,"112,780,700","7,311,375",TELKOM,TIMUR,HIKVISION,DS-2DY3320IW-DE
501,MERR KEDUNG BARUK SELATAN FIX,SIMPANG,Simpang MERR - Jl. Kedung Baruk Hadap Selatan,"112,780,527","7,311,439",TELKOM,TIMUR,Unidentified,Unidentified
502,PCTL MERR PANDUGO TIMUR PTZ,RUAS,PCTL MERR - Jl. Pandugo Hadap Selatan,"112,781,084","-7,322,330",TELKOM,TIMUR,HIKVISION,DS-2DY3320IW-DE
503,PCTL MERR PANDUGO BARAT PTZ,RUAS,PCTL MERR - Jl. Pandugo Hadap Utara,"112,780,961","-7,322,258",TELKOM,TIMUR,HIKVISION,DS-2DY3320IW-DE
504,GUNUNG ANYAR UTARA FIX,SIMPANG,Simpang MERR - Jl. Gunung Anyar Hadap Utara,112.7812031,-7.331469547,TELKOM,TIMUR,HIKVISION,DS-2CD4232FWD-IZ
505,GUNUNG ANYAR BARAT FIX,SIMPANG,Simpang MERR - Jl. Gunung Anyar Hadap Barat,"112,781,001","-7,331,561",TELKOM,TIMUR,Unidentified,Unidentified
506,GUNUNG ANYAR SELATAN PTZ,SIMPANG,Simpang MERR - Jl. Gunung Anyar Hadap Selatan,112.7811177,-7.331471277,TELKOM,TIMUR,HIKVISION,DS-2DY3320IW-DE
507,MERR GUNUNG ANYAR SISIS SELATAN SPC,SIMPANG,Simpang MERR - Gunung Anyar Timur Hadap Selatan,112.7812868,-7.331566583,TELKOM,TIMUR,HIKVISION,DS-2DY3320IW-DE
508,MERR GUNUNG ANYAR TIMUR HADAP SELATAN FIX,SIMPANG,Simpang MERR - Gunung Anyar Timur Hadap Timur,112.7809444,-7.331507377,TELKOM,TIMUR,HIKVISION,DS-2DY3320IW-DE
509,MERR GUNUNG ANYAR BARAT PTZ,SIMPANG,Simpang MERR - Gunung Anyar Timur Hadap Barat,"112,785,311","-7,340,727",TELKOM,TIMUR,HIKVISION,DS-2DY3320IW-DE
510,JEMBATAN MERR GUNUNG ANYAR UTARA PTZ,RUAS,Jembatan MERR Gunung Anyar Utara Hadap Utara,112.786664,-7.344225,TELKOM,TIMUR,HIKVISION,DS-2DY3320IW-DE
511,JEMBATAN MERR GUNUNG ANYAR SELATAN PTZ,RUAS,Jembatan MERR Gunung Anyar Utara Hadap Selatan,112.786664,-7.344225,TELKOM,TIMUR,HIKVISION,DS-2DY3320IW-DE
512,PCTL SMAN 4 MOESTOPO FIX,RUAS,Jl. Prof Dr Moestopo PCTL SMA4 Hadap Barat,112.7395333,-7.287266678,TELKOM,TIMUR,HIKVISION,DS-2CD7A85G0-IZSP/AI
513,MUSTOPO DHARMAWANGSA PTZ,SIMPANG,Simpang Dr. Mustopo - Dharmawangsa,112.756718,-7.265853,KOMINFO,TIMUR,HIKVISION,DS-2DY3320IW-DE
514,MUSTOPO DHARMAWANGSA TIMUR FIX,SIMPANG,Simpang Dr. Mustopo - Dharmawangsa Hadap Timur,"112,756,728","-7,265,827",KOMINFO,TIMUR,Unidentified,Unidentified
515,MUSTOPO DHARMAWANGSA BARAT FIX,SIMPANG,Simpang Dr. Mustopo - Dharmawangsa Hadap Barat,"112,756,489","-7,265,664",KOMINFO,TIMUR,Unidentified,Unidentified
516,DHARMAWANGSA AIRLANGGA PTZ,SIMPANG,Simpang Dharmawangsa - Airlangga ,112.756353,-7.270486,KOMINFO,TIMUR,HIKVISION,DS-2DY3320IW-DE
517,KERTAJAYA DHARMAWANGSA TIMUR PTZ ,SIMPANG,Simpang Kertajaya - Dharmawangsa Hadap Timur,112.7560766,-7.278364566,KOMINFO,TIMUR,MAGIC VISION,MV-9048-812-SD
518,KERTAJAYA DHARMAWANGSA BARAT PTZ,SIMPANG,Simpang Kertajaya - Dharmawangsa Hadap Barat,112.7555609,-7.278264492,KOMINFO,TIMUR,HIKVISION,DS-2DY3320IW-DE
519,NGAGEL JAYA UTARA HADAP SELATAN FIX,SIMPANG,Simpang Ngagel Jaya - Ngagel Jaya Utara Hadap Selatan,112.755548,-7.291735,TELKOM,TIMUR,VIVOTEK,VIVOTEK
520,NGAGEL JAYA UTARA PTZ,SIMPANG,Simpang Ngagel Jaya - Ngagel Jaya Utara Hadap Utara,112.755615,-7.291727,TELKOM,TIMUR,Unidentified,Unidentified
521,SMP SANTA CLARA PANO,OBJEK VITAL,Jl. Ngagel Madya (SD-SMP Santa Clara),112.7600508,-7.288315772,TELKOM,TIMUR,HIKVISION,DS-2CD6986F-H
522,KARANGMENJANGAN MOESTOPO PANO,SIMPANG,Simpang Dr. Mustopo - Karangmenjangan,112.760822,-7.265893,TELKOM,TIMUR,HIKVISION,DS-2CD6986F-H
523,KARANGMENJANGAN AIRLANGGA ,SIMPANG,Simpang Karangmenjangan - Airlangga,112.760773,-7.27064,TELKOM,TIMUR,HIKVISION,DS-2CD6986F-H
524,KERTAJAYA MANYAR SAMSAT TIMUR PTZ,SIMPANG,Simpang Kertajaya - Manyar Hadap Timur,112.7621251,-7.279354562,KOMINFO,TIMUR,HIKVISION,DS-2DY3320IW-DE
525,KERTAJAYA MANYAR SAMSAT SELATAN PTZ,SIMPANG,Simpang Kertajaya - Manyar Hadap Selatan,112.7624036,-7.279243062,KOMINFO,TIMUR,HIKVISION,DS-2DY3320IW-DE
526,KERTAJAYA MANYAR DEPAN BAPPEDA PTZ,SIMPANG,Simpang Kertajaya - Manyar Depan BAPPEDA,"112,763,323","-7,279,375",KOMINFO,TIMUR,Unidentified,Unidentified
527,MENUR PUCANG JAJAR UTARA PTZ,SIMPANG,Simpang Jl. Menur - Jl. Pucang Jajar Hadap Utara,112.7622686,-7.283577646,TELKOM,TIMUR,HIKVISION,DS-2DY3320IW-DE
528,MENUR PUCANG JAJAR BARAT PTZ,SIMPANG,Simpang Jl. Menur - Jl. Pucang Jajar Hadap Barat,112.7621589,-7.283679525,TELKOM,TIMUR,HIKVISION,DS-2DY3320IW-DE
529,MENUR PUCANG JAJAR PANO,SIMPANG,Simpang Jl. Menur - Jl. Pucang Jajar,112.7623022,-7.283673995,TELKOM,TIMUR,HIKVISION,DS-2CD6986F-H
530,SMP IPIEMS PANOVU,OBJEK VITAL,Pertigaan Jl. Raya Menur-Manyar Airdas (SMP-SMA IPIEMS),112.7630406,-7.285969078,TELKOM,TIMUR,HIKVISION,DS-2CD6986F-H
531,BUNDARAN MENUR TIMUR PTZ ,SIMPANG,Bundaran Menur Hadap Timur,112.763157,-7.287151262,TELKOM,TIMUR,HIKVISION,DS-2DY3320IW-DE
532,NGINDEN BRATANG UTARA FIX,SIMPANG,Simpang Nginden - Bratang Hadap Utara,112.7620861,-7.299189297,KOMINFO,TIMUR,HIKVISION,DS-2CD2642FWD-I
533,NGINDEN BRATANG TIMUR FIX,SIMPANG,Simpang Nginden - Bratang Hadap Timur,112.7622528,-7.299443835,KOMINFO,TIMUR,HIKVISION,DS-2CD4232FWD-IZS
534,NGINDEN BRATANG SELATAN FIX,SIMPANG,Simpang Nginden - Bratang Hadap Selatan,112.7620226,-7.299566623,KOMINFO,TIMUR,HIKVISION,DS-2CD4232FWD-IZS
535,NGINDEN PANJANG JIWO UTARA FIX ,SIMPANG,Simpang Nginden - Panjang Jiwo Hadap Utara,112.761893,-7.306562,KOMINFO,TIMUR,HIKVISION,DS-2CD6986F-H
536,NGINDEN  PANJANG JIWO BARAT PTZ,SIMPANG,Simpang Nginden - Panjang Jiwo Hadap Barat,112.761893,-7.306562,KOMINFO,TIMUR,HIKVISION,DS-2DY3320IW-DE
537,NGINDEN  PANJANG JIWO SELATAN FIX,SIMPANG,Simpang Nginden - Panjang Jiwo Hadap Selatan,"112,761,602","-7,306,624",KOMINFO,TIMUR,Unidentified,Unidentified
538,KLAMPIS JAYA UTARA FIX,SIMPANG,Simpang Klampis Jaya - Arief Rahman Hakim Hadap Utara,112.7754221,-7.289656925,TELKOM,TIMUR,HIKVISION,MVS-414232-IRMVF
539,KLAMPIS JAYA TIMUR PTZ,SIMPANG,Simpang Klampis Jaya - Arief Rahman Hakim Hadap Timur,112.7753193,-7.28964739,TELKOM,TIMUR,HIKVISION,DS-2DY3320IW-DE
540,KLAMPIS JAYA SELATAN PTZ,SIMPANG,Simpang Klampis Jaya - Arief Rahman Hakim Hadap Selatan,112.7753027,-7.289444843,TELKOM,TIMUR,HIKVISION,DS-2DY3320IW-DE
541,PANJANG JIWO KEDUNG BARUK SELATAN FIX ,SIMPANG,Simpang Kalirungkut - Panjang Jiwo Kedung Baruk  Hadap  Selatan,112.7699376,-7.30879794,KOMINFO,TIMUR,HIKVISION,DS-2CD4232FWD-IZS
542,PANJANG JIWO KEDUNG BARUK TIMUR FIX ,SIMPANG,Simpang Kalirungkut - Panjang Jiwo Kedung Baruk  Hadap Timur,112.769754,-7.308748,KOMINFO,TIMUR,HIKVISION,DS-2CD4232FWD-IZS
543,PANJANG JIWO KEDUNG BARUK BARAT FIX,SIMPANG,Simpang Kalirungkut - Panjang Jiwo Kedung Baruk  Hadap  Barat,112.769655,-7.308793,KOMINFO,TIMUR,HIKVISION,DS-2CD4232FWD-IZS
544,RUNGKUT MADYA UTARA FIX ,SIMPANG,Simpang Rungkut Madya - Rungkut Mapan Hadap Utara,112.7599343,-7.293887886,TELKOM,TIMUR,HIKVISION,MVS-414232-IRMVF
545,RUNGKUT MADYA TIMUR FIX ,SIMPANG,Simpang Rungkut Madya - Rungkut Mapan Hadap Timur,112.7597962,-7.293670621,TELKOM,TIMUR,HIKVISION,MVS-414232-IRMVF
546,RUNGKUT MADYA BARAT FIX ,SIMPANG,Unidentified,"112,775,277","-7,331,560",TELKOM,TIMUR,Unidentified,Unidentified
547,RUNGKUT INDUSTRI TIMUR FIX,SIMPANG,Simpang Rungkut Industri - Kalirungkut Hadap Timur,"112,751,381","-7,329,691",TELKOM,TIMUR,Unidentified,Unidentified
548,RUNGKUT INDUSTRI BARAT FIX,SIMPANG,Simpang Rungkut Industri - Kalirungkut Hadap Barat,112.75117,-7.329506,TELKOM,TIMUR,MAGIC VISION,MVS-414232-IRMVF
549,RUNGKUT INDUSTRI DOME,SIMPANG,Simpang Rungkut Industri - Kalirungkut,112.751157,-7.329567,TELKOM,TIMUR,MAGIC VISION,MS-91021-IR-SD-OD
550,RUNGKUT PONDOK CHANDRA PTZ,RUAS,Perbatasan Rungkut - Pondok Candra,112.7679346,-7.341756831,TELKOM,TIMUR,HIKVISION,DS-2DY3320IW-DE
551,JEMUR ANDAYANI KENDANGSARI TIMUR FIX,SIMPANG,Simpang Kendang Sari - Jemur Andayani (hadap timur),112.744599,-7.329191,TELKOM,TIMUR,HIKVISION,MVS-414232-IRMVF
552,JEMUR ANDAYANI KENDANGSARI PANO,SIMPANG,Simpang Kendang Sari - Jemur Andayani,112.744808,-7.329284,TELKOM,TIMUR,HIKVISION,MVS-414232-IRMVF
553,JEMUR ANDAYANI KENDANGSARI BARAT FIX,SIMPANG,Simpang Kendang Sari - Jemur Andayani (hadap Barat),112.744808,-7.329284,TELKOM,TIMUR,Unidentified,Unidentified
554,KECAMATAN RUNGKUT PANO,SIMPANG,Pertigaan Rungkut Soponyono Kecamatan,112.770766,-7.322505,TELKOM,TIMUR,HIKVISION,DS-2CD6986F-H
555,BUNDARAN ITS PTZ,RUAS,Bundaran ITS Sisi Pakuwon,112.798183,-7.274459306,TELKOM,TIMUR,HIKVISION,DS-2DY3320IW-DE
556,MERR PIZZA HUT PTZ,RUAS,Jl. Ir. Soekarno (Merr Kedung Baruk Depan Pizza Hut),112.780819,-7.31721,TELKOM,TIMUR,Unidentified,Unidentified
557,PCTL MERR SEMAMPIR UTARA FIX,RUAS,PCTL Jl. Ir. Soekarno (Merr Semampir),112.780519,-7.307234,TELKOM,TIMUR,Unidentified,Unidentified
558,PCTL MERR SEMAMPIR SELATAN FIX,RUAS,PCTL Jl. Ir. Soekarno (Merr Semampir),112.780519,-7.307234,TELKOM,TIMUR,Unidentified,Unidentified
559,DIPONEGORO SOETOMO UTARA SPC,SIMPANG,Unidentified,"112,733,338","-7,284,595",KOMINFO,TIMUR,Unidentified,Unidentified
560,PINTU MASUK GBT HADAP SELATAN,OBJEK VITAL,Unidentified,"112,617,769","-7,222,195",KOMINFO,TIMUR,Unidentified,Unidentified
561,PINTU MASUK GBT HADAP UTARA,OBJEK VITAL,Unidentified,"112,617,702","-7,222,222",KOMINFO,TIMUR,Unidentified,Unidentified
562,KRANGGAN BARAT PARKIR,RUAS,Unidentified,"112,733,357","-7,255,930",TELKOM,TIMUR,Unidentified,Unidentified
563,KRANGGAN SELATAN PARKIR,RUAS,Unidentified,"112,733,609","-7,255,943",TELKOM,TIMUR,Unidentified,Unidentified
564,KRANGGAN TIMUR PARKIR,RUAS,Unidentified,"112,734,071","-7,255,967",TELKOM,TIMUR,Unidentified,Unidentified
565,JIMERTO BARAT PARKIR,RUAS,Unidentified,112.748072,-7.258118,KOMINFO,TIMUR,Unidentified,Unidentified
566,JIMERTO TIMUR PARKIR ,RUAS,Unidentified,112.748072,-7.258118,KOMINFO,TIMUR,Unidentified,Unidentified
567,JIMERTO SELATAN PARKIR ,RUAS,Unidentified,112.748072,-7.258118,KOMINFO,TIMUR,Unidentified,Unidentified
568,JIMERTO PARKIR MOBIL,RUAS,Unidentified,112.748072,-7.258118,KOMINFO,TIMUR,Unidentified,Unidentified
569,JIMERTO BARAT PARKIR,RUAS,Unidentified,112.748072,-7.258118,KOMINFO,TIMUR,Unidentified,Unidentified
570,SEDAP MALAM PARKIR ,RUAS,Unidentified,112.748072,-7.258118,KOMINFO,TIMUR,Unidentified,Unidentified
571,SEDAP MALAM PARKIR 1,RUAS,Unidentified,112.747299,-7.260794,KOMINFO,TIMUR,Unidentified,Unidentified
572,SEDAP MALAM PARKIR 2,RUAS,Unidentified,112.747299,-7.260794,KOMINFO,TIMUR,Unidentified,Unidentified
573,SEDAP MALAM PARKIR 3,RUAS,Unidentified,112.747299,-7.260794,KOMINFO,TIMUR,Unidentified,Unidentified
574,KEMBANG JEPUN KYAKYA BARAT PARKIR,RUAS,Unidentified,112.744745,-7.238402,TELKOM,TIMUR,Unidentified,Unidentified
575,JEMBATAN MERAH PARKIR,RUAS,Unidentified,112.738466,-7236636,TELKOM,TIMUR,Unidentified,Unidentified
576,KAPASAN HADAP TIMUR PARKIR,RUAS,Unidentified,112.745247,-7.238598,TELKOM,TIMUR,Unidentified,Unidentified
577,U TURN MERR KONI DEPAN GALAXY MALL HADAP SELATAN PTZ,RUAS,Unidentified,112.780897,-7.2783335,TELKOM,TIMUR,HIKVISION,Unidentified
578,PCTL AHMAD YANI DOLOG PTZ,RUAS,Unidentified,112.73212555,-7.32638323,TELKOM,SELATAN,HIKVISION,Unidentified
579,SRIKANA PANO,SIMPANG,Unidentified,112.7563105,-7.2738896,TELKOM,TIMUR,HIKVISION,Unidentified
580,SRIKANA SPC,SIMPANG,Unidentified,112.7563105,-7.2738896,TELKOM,TIMUR,SPC,Unidentified
